domain,seen_in_common_name,seen_in_name_value,certificate_count,issuer_count,earliest_seen,latest_expiry,certificate_ids,issuers
GovBenefits-DAIP-PROD.fema.gov,Yes,Yes,1,1,2024-07-31T11:19:43,2025-08-22T11:19:42,13939984232,"C=US, O=""Entrust, Inc."", OU=See www.entrust.net/legal-terms, OU=""(c) 2012 Entrust, Inc. - for authorized use only"", CN=Entrust Certification Authority - L1K"
GovBenefits-DAIP-TDL.fema.gov,Yes,Yes,1,1,2024-07-31T11:22:01,2025-08-22T11:22:00,13940004462,"C=US, O=""Entrust, Inc."", OU=See www.entrust.net/legal-terms, OU=""(c) 2012 Entrust, Inc. - for authorized use only"", CN=Entrust Certification Authority - L1K"
Idfed.nfipdirect.fema.gov,No,Yes,3,1,2024-09-16T19:33:39,2025-09-20T19:33:37,16780697779;14585107802;14575043227,"C=US, O=""Entrust, Inc."", OU=See www.entrust.net/legal-terms, OU=""(c) 2014 Entrust, Inc. - for authorized use only"", CN=Entrust Certification Authority - L1M"
SBA-DAIP-PROD.fema.gov,Yes,Yes,1,1,2024-07-31T11:24:32,2025-08-17T11:24:31,13940025149,"C=US, O=""Entrust, Inc."", OU=See www.entrust.net/legal-terms, OU=""(c) 2012 Entrust, Inc. - for authorized use only"", CN=Entrust Certification Authority - L1K"
SBA-DAIP-TDL.fema.gov,Yes,Yes,1,1,2024-07-31T11:26:23,2025-08-17T11:26:22,13940044497,"C=US, O=""Entrust, Inc."", OU=See www.entrust.net/legal-terms, OU=""(c) 2012 Entrust, Inc. - for authorized use only"", CN=Entrust Certification Authority - L1K"
acssh-et.fema.gov,Yes,Yes,1,1,2024-08-19T13:55:05,2025-08-25T13:55:04,14207107780,"C=US, O=""Entrust, Inc."", OU=See www.entrust.net/legal-terms, OU=""(c) 2012 Entrust, Inc. - for authorized use only"", CN=Entrust Certification Authority - L1K"
acssh.fema.gov,Yes,Yes,1,1,2024-08-19T13:52:54,2025-08-25T13:52:53,14207095358,"C=US, O=""Entrust, Inc."", OU=See www.entrust.net/legal-terms, OU=""(c) 2012 Entrust, Inc. - for authorized use only"", CN=Entrust Certification Authority - L1K"
afg.fema.gov,Yes,Yes,2,1,2025-02-14T00:00:00,2026-02-15T23:59:59,16736232648;16736233773,"C=CA, O=Entrust Limited, CN=Entrust OV TLS Issuing RSA CA 2"
apps.fema.gov,Yes,Yes,43,6,2024-09-18T00:00:00,2025-11-19T23:59:59,18274122185;17741834613;16589472439;17741840613;16654677980;16268552235;15741394831;15371975973;18274920252;16852349389;16204622861;16204668904;16371344381;17188137646;19472373365;16856005947;16589454567;17905656913;14595654783;19472362897;15445455678;19472232506;16866188279;16654915276;17294337147;18252757587;15371925208;15417560051;18274919720;18274302784;18537588821;15741384105;16965839946;19472401001;16856004961;17188112153;18523749370;16654877847;18523738272;16371356182;16852349200;15445448996;16204633938,"C=US, O=""CLOUDFLARE, INC."", CN=Cloudflare TLS Issuing RSA CA 1;C=US, O=DigiCert Inc, CN=DigiCert TLS Hybrid ECC SHA384 2020 CA1;C=US, O=""CLOUDFLARE, INC."", CN=Cloudflare TLS Issuing ECC CA 1;C=US, O=DigiCert Inc, CN=DigiCert TLS RSA SHA256 2020 CA1;C=US, O=DigiCert Inc, CN=DigiCert Global G3 TLS ECC SHA384 2020 CA1;C=US, O=DigiCert Inc, CN=DigiCert Global G2 TLS RSA SHA256 2020 CA1"
apps.usfa.fema.gov,Yes,Yes,11,5,2024-08-29T00:00:00,2025-09-26T01:50:26,19299923215;14350281279;18946277431;19299979919;19300016987;18957567151;18134991179;14350281536;18135038700;18946260648;19299981456,"C=US, O=""CLOUDFLARE, INC."", CN=Cloudflare TLS Issuing RSA CA 1;C=GB, ST=Greater Manchester, L=Salford, O=Sectigo Limited, CN=Sectigo RSA Extended Validation Secure Server CA;C=US, O=Google Trust Services, CN=WR1;C=US, O=""CLOUDFLARE, INC."", CN=Cloudflare TLS Issuing ECC CA 1;C=US, O=Google Trust Services, CN=WE1"
atp.aws.fema.gov,Yes,Yes,42,8,2024-09-17T00:00:00,2025-11-19T23:59:59,17741834613;16589472439;17741840613;18501908333;16654677980;16268552235;15741394831;15371975973;16852349389;16204622861;16204668904;16371344381;18501952302;18670892196;17188137646;16856005947;18501957864;16589454567;18606627640;17905656913;15445455678;16866188279;16654915276;17294337147;15371925208;15417560051;18606627412;18537588821;15741384105;16965839946;14585156753;16856004961;17188112153;18649940405;18502106857;18523749370;16654877847;18523738272;16371356182;16852349200;15445448996;16204633938,"C=US, O=""CLOUDFLARE, INC."", CN=Cloudflare TLS Issuing RSA CA 1;C=US, O=DigiCert Inc, CN=DigiCert TLS Hybrid ECC SHA384 2020 CA1;C=US, O=Google Trust Services, CN=WR1;C=US, O=""CLOUDFLARE, INC."", CN=Cloudflare TLS Issuing ECC CA 1;C=US, O=DigiCert Inc, CN=DigiCert TLS RSA SHA256 2020 CA1;C=US, O=Google Trust Services, CN=WE1;C=US, O=DigiCert Inc, CN=DigiCert Global G3 TLS ECC SHA384 2020 CA1;C=US, O=DigiCert Inc, CN=DigiCert Global G2 TLS RSA SHA256 2020 CA1"
atpuserguide.aws.fema.gov,No,Yes,34,4,2024-09-17T00:00:00,2025-11-19T23:59:59,17741834613;16589472439;17741840613;16654677980;16268552235;15741394831;15371975973;16852349389;16204622861;16204668904;16371344381;17188137646;16856005947;16589454567;14585162947;17905656913;15445455678;16866188279;16654915276;17294337147;15371925208;15417560051;18537588821;15741384105;16965839946;16856004961;17188112153;18523749370;16654877847;18523738272;16371356182;16852349200;15445448996;16204633938,"C=US, O=DigiCert Inc, CN=DigiCert TLS Hybrid ECC SHA384 2020 CA1;C=US, O=DigiCert Inc, CN=DigiCert Global G3 TLS ECC SHA384 2020 CA1;C=US, O=DigiCert Inc, CN=DigiCert TLS RSA SHA256 2020 CA1;C=US, O=DigiCert Inc, CN=DigiCert Global G2 TLS RSA SHA256 2020 CA1"
auth.preptoolkit.fema.gov,No,Yes,2,1,2024-09-30T00:00:00,2025-10-21T23:59:59,16781587050;14747497486,"C=US, O=DigiCert Inc, CN=GeoTrust EV RSA CA G2"
autostat.fema.gov,Yes,Yes,1,1,2024-07-11T14:24:22,2025-07-22T14:24:21,13696621843,"C=US, O=""Entrust, Inc."", OU=See www.entrust.net/legal-terms, OU=""(c) 2012 Entrust, Inc. - for authorized use only"", CN=Entrust Certification Authority - L1K"
ba.fema.gov,Yes,Yes,4,3,2025-01-08T07:10:29,2026-01-16T14:06:59,16782578415;18945781753;16086929020;18945768031,"C=US, O=SSL Corporation, CN=Entrust EV TLS Issuing RSA CA 1;C=US, O=Google Trust Services, CN=WR1;C=US, O=Google Trust Services, CN=WE1"
beta.fema.gov,No,Yes,4,2,2025-02-25T00:00:00,2026-02-25T23:59:59,17561274672;18984432390;16977756642;16856912457,"C=US, O=DigiCert Inc, OU=www.digicert.com, CN=GeoTrust TLS RSA CA G1;C=US, O=DigiCert Inc, OU=www.digicert.com, CN=GeoTrust RSA CA 2018"
blog.fema.gov,No,Yes,12,2,2025-04-09T00:00:00,2026-04-09T23:59:59,18499335844;17982938845;19250178429;18499345217;17739982718;17740041308;19103922344;17982940211;19103922592;17982930156;18499340096;18789272541,"C=US, O=DigiCert Inc, CN=DigiCert Global G3 TLS ECC SHA384 2020 CA1;C=US, O=DigiCert Inc, CN=DigiCert Global G2 TLS RSA SHA256 2020 CA1"
careers.fema.gov,No,Yes,4,2,2025-02-25T00:00:00,2026-02-25T23:59:59,17561274672;18984432390;16977756642;16856912457,"C=US, O=DigiCert Inc, OU=www.digicert.com, CN=GeoTrust TLS RSA CA G1;C=US, O=DigiCert Inc, OU=www.digicert.com, CN=GeoTrust RSA CA 2018"
cd.lscms-auth.fema.gov,Yes,Yes,1,1,2025-04-30T00:00:00,2026-04-29T23:59:59,18151294184,"C=US, O=DigiCert Inc, CN=DigiCert Global G2 TLS RSA SHA256 2020 CA1"
cd.lscms-ca.fema.gov,No,Yes,2,1,2025-05-01T00:00:00,2026-04-30T23:59:59,19516915835;18169099907,"C=US, O=DigiCert Inc, CN=DigiCert EV RSA CA G2"
cd.lscms-disc.fema.gov,No,Yes,2,1,2025-05-01T00:00:00,2026-04-30T23:59:59,19516915835;18169099907,"C=US, O=DigiCert Inc, CN=DigiCert EV RSA CA G2"
cd.lscms-mda.fema.gov,No,Yes,2,1,2025-05-01T00:00:00,2026-04-30T23:59:59,19516915835;18169099907,"C=US, O=DigiCert Inc, CN=DigiCert EV RSA CA G2"
cd.lscms-mif.fema.gov,No,Yes,2,1,2025-05-01T00:00:00,2026-04-30T23:59:59,19516915835;18169099907,"C=US, O=DigiCert Inc, CN=DigiCert EV RSA CA G2"
cd.lscms-sci.fema.gov,No,Yes,2,1,2025-05-01T00:00:00,2026-04-30T23:59:59,19516915835;18169099907,"C=US, O=DigiCert Inc, CN=DigiCert EV RSA CA G2"
cd.lscms-wm.fema.gov,No,Yes,2,1,2025-05-01T00:00:00,2026-04-30T23:59:59,19516915835;18169099907,"C=US, O=DigiCert Inc, CN=DigiCert EV RSA CA G2"
cd.lscms.fema.gov,Yes,Yes,2,1,2025-05-01T00:00:00,2026-04-30T23:59:59,19516915835;18169099907,"C=US, O=DigiCert Inc, CN=DigiCert EV RSA CA G2"
cfas.msc.fema.gov,No,Yes,1,1,2025-06-20T00:00:00,2026-07-14T23:59:59,19142531315,"C=US, O=DigiCert Inc, CN=DigiCert EV RSA CA G2"
community.fema.gov,Yes,Yes,2,1,2025-03-07T05:26:47,2026-03-11T16:34:17,17124005692;16958296627,"C=US, O=SSL Corporation, CN=Entrust EV TLS Issuing RSA CA 1"
conversations.mec.fema.gov,No,Yes,2,1,2024-12-12T17:55:00,2025-12-14T13:50:42,15728955381;16782237537,"C=US, O=SSL Corporation, CN=Entrust EV TLS Issuing RSA CA 1"
core.nfipdirect.fema.gov,Yes,Yes,4,4,2025-05-24T23:21:47,2025-08-23T00:21:53,18605440729;18642610832;18668974439;18605414292,"C=US, O=Google Trust Services, CN=WR1;C=US, O=""CLOUDFLARE, INC."", CN=Cloudflare TLS Issuing ECC CA 1;C=US, O=""CLOUDFLARE, INC."", CN=Cloudflare TLS Issuing RSA CA 1;C=US, O=Google Trust Services, CN=WE1"
data.fema.gov,Yes,Yes,3,2,2025-01-14T17:25:36,2026-05-20T23:59:59,16782627963;16224858280;17967566443,"C=US, O=SSL Corporation, CN=Entrust EV TLS Issuing RSA CA 1;C=US, O=Amazon, CN=Amazon RSA 2048 M04"
demo.apps.aws.fema.gov,No,Yes,38,6,2024-09-17T00:00:00,2025-11-19T23:59:59,17741834613;16589472439;17741840613;18501978396;16654677980;16268552235;15741394831;15371975973;18502133683;14585109753;16852349389;16204622861;16204668904;16371344381;17188137646;16856005947;16589454567;17905656913;15445455678;16866188279;16654915276;17294337147;15371925208;15417560051;18537588821;15741384105;16965839946;16856004961;17188112153;18501957662;18501940043;18523749370;16654877847;18523738272;16371356182;16852349200;15445448996;16204633938,"C=US, O=""CLOUDFLARE, INC."", CN=Cloudflare TLS Issuing RSA CA 1;C=US, O=DigiCert Inc, CN=DigiCert TLS Hybrid ECC SHA384 2020 CA1;C=US, O=""CLOUDFLARE, INC."", CN=Cloudflare TLS Issuing ECC CA 1;C=US, O=DigiCert Inc, CN=DigiCert TLS RSA SHA256 2020 CA1;C=US, O=DigiCert Inc, CN=DigiCert Global G3 TLS ECC SHA384 2020 CA1;C=US, O=DigiCert Inc, CN=DigiCert Global G2 TLS RSA SHA256 2020 CA1"
demo.integration.aws.fema.gov,No,Yes,38,6,2024-09-17T00:00:00,2025-11-19T23:59:59,17741834613;16589472439;17741840613;18501956733;16654677980;16268552235;15741394831;15371975973;16852349389;16204622861;16204668904;16371344381;17188137646;16856005947;16589454567;17905656913;15445455678;16866188279;16654915276;17294337147;15371925208;15417560051;14585093776;18537588821;15741384105;16965839946;16856004961;17188112153;18502091481;18523749370;18501888079;18523738272;18501909908;16654877847;16371356182;16852349200;15445448996;16204633938,"C=US, O=""CLOUDFLARE, INC."", CN=Cloudflare TLS Issuing RSA CA 1;C=US, O=DigiCert Inc, CN=DigiCert TLS Hybrid ECC SHA384 2020 CA1;C=US, O=""CLOUDFLARE, INC."", CN=Cloudflare TLS Issuing ECC CA 1;C=US, O=DigiCert Inc, CN=DigiCert TLS RSA SHA256 2020 CA1;C=US, O=DigiCert Inc, CN=DigiCert Global G3 TLS ECC SHA384 2020 CA1;C=US, O=DigiCert Inc, CN=DigiCert Global G2 TLS RSA SHA256 2020 CA1"
dev-fact.fema.gov,Yes,Yes,1,1,2025-04-15T00:00:00,2026-04-14T23:59:59,17866265605,"C=US, O=DigiCert Inc, CN=DigiCert Global G2 TLS RSA SHA256 2020 CA1"
dev.lpms.fema.gov,Yes,Yes,2,1,2025-04-30T00:00:00,2026-05-03T23:59:59,18148837232;18148837125,"C=CA, O=Entrust Limited, CN=Entrust EV TLS Issuing RSA CA 2"
edit-beta.fema.gov,No,Yes,2,1,2024-12-23T00:00:00,2025-12-24T23:59:59,15867620495;17561200268,"C=US, O=DigiCert Inc, OU=www.digicert.com, CN=GeoTrust RSA CA 2018"
edit-m.fema.gov,No,Yes,10,3,2024-11-11T00:00:00,2025-11-11T23:59:59,15336325846;15336321777;15717099262;15717236524;15300243632;15336339577;16976231637;16975049970;15300190353;16976232321,"C=US, O=DigiCert Inc, CN=DigiCert Global G3 TLS ECC SHA384 2020 CA1;C=US, O=DigiCert Inc, CN=DigiCert TLS RSA SHA256 2020 CA1;C=US, O=DigiCert Inc, CN=DigiCert Global G2 TLS RSA SHA256 2020 CA1"
edit-preview-m.fema.gov,No,Yes,10,3,2024-11-11T00:00:00,2025-11-11T23:59:59,15336325846;15336321777;15717099262;15717236524;15300243632;15336339577;16976231637;16975049970;15300190353;16976232321,"C=US, O=DigiCert Inc, CN=DigiCert Global G3 TLS ECC SHA384 2020 CA1;C=US, O=DigiCert Inc, CN=DigiCert TLS RSA SHA256 2020 CA1;C=US, O=DigiCert Inc, CN=DigiCert Global G2 TLS RSA SHA256 2020 CA1"
edit-staging-m.fema.gov,No,Yes,10,3,2024-11-11T00:00:00,2025-11-11T23:59:59,15336325846;15336321777;15717099262;15717236524;15300243632;15336339577;16976231637;16975049970;15300190353;16976232321,"C=US, O=DigiCert Inc, CN=DigiCert Global G3 TLS ECC SHA384 2020 CA1;C=US, O=DigiCert Inc, CN=DigiCert TLS RSA SHA256 2020 CA1;C=US, O=DigiCert Inc, CN=DigiCert Global G2 TLS RSA SHA256 2020 CA1"
edit-testint-m.fema.gov,No,Yes,10,3,2024-11-11T00:00:00,2025-11-11T23:59:59,15336325846;15336321777;15717099262;15717236524;15300243632;15336339577;16976231637;16975049970;15300190353;16976232321,"C=US, O=DigiCert Inc, CN=DigiCert Global G3 TLS ECC SHA384 2020 CA1;C=US, O=DigiCert Inc, CN=DigiCert TLS RSA SHA256 2020 CA1;C=US, O=DigiCert Inc, CN=DigiCert Global G2 TLS RSA SHA256 2020 CA1"
edit-wcms-testint.dhs.gov,Yes,No,2,1,2024-12-23T00:00:00,2025-12-24T23:59:59,15867620495;17561200268,"C=US, O=DigiCert Inc, OU=www.digicert.com, CN=GeoTrust RSA CA 2018"
edit-webteamtraining.fema.gov,No,Yes,2,1,2024-12-23T00:00:00,2025-12-24T23:59:59,15867620495;17561200268,"C=US, O=DigiCert Inc, OU=www.digicert.com, CN=GeoTrust RSA CA 2018"
edit.dhs.gov,Yes,No,10,3,2024-11-11T00:00:00,2025-11-11T23:59:59,15336325846;15336321777;15717099262;15717236524;15300243632;15336339577;16976231637;16975049970;15300190353;16976232321,"C=US, O=DigiCert Inc, CN=DigiCert Global G3 TLS ECC SHA384 2020 CA1;C=US, O=DigiCert Inc, CN=DigiCert TLS RSA SHA256 2020 CA1;C=US, O=DigiCert Inc, CN=DigiCert Global G2 TLS RSA SHA256 2020 CA1"
edit.fema.gov,No,Yes,4,2,2025-02-09T00:00:00,2026-02-11T23:59:59,18581707897;18580894723;16621718437;18580896916,"C=US, O=DigiCert Inc, OU=www.digicert.com, CN=GeoTrust TLS RSA CA G1;C=US, O=DigiCert Inc, OU=www.digicert.com, CN=GeoTrust RSA CA 2018"
edit.staging.fema.gov,No,Yes,4,2,2025-02-09T00:00:00,2026-02-11T23:59:59,18581707897;18580894723;16621718437;18580896916,"C=US, O=DigiCert Inc, OU=www.digicert.com, CN=GeoTrust TLS RSA CA G1;C=US, O=DigiCert Inc, OU=www.digicert.com, CN=GeoTrust RSA CA 2018"
edit.staging1.dhs.gov,Yes,No,4,2,2025-02-09T00:00:00,2026-02-11T23:59:59,18581707897;18580894723;16621718437;18580896916,"C=US, O=DigiCert Inc, OU=www.digicert.com, CN=GeoTrust TLS RSA CA G1;C=US, O=DigiCert Inc, OU=www.digicert.com, CN=GeoTrust RSA CA 2018"
edit.testint.fema.gov,No,Yes,4,2,2025-02-09T00:00:00,2026-02-11T23:59:59,18581707897;18580894723;16621718437;18580896916,"C=US, O=DigiCert Inc, OU=www.digicert.com, CN=GeoTrust TLS RSA CA G1;C=US, O=DigiCert Inc, OU=www.digicert.com, CN=GeoTrust RSA CA 2018"
egateway.fema.gov,Yes,Yes,10,4,2025-04-30T00:13:11,2025-09-26T00:44:35,19299192700;19299008405;18946037844;18134717968;19299210556;18945191645;18945581532;18133965785;18134003426;19299178665,"C=US, O=Google Trust Services, CN=WR1;C=US, O=""CLOUDFLARE, INC."", CN=Cloudflare TLS Issuing ECC CA 1;C=US, O=""CLOUDFLARE, INC."", CN=Cloudflare TLS Issuing RSA CA 1;C=US, O=Google Trust Services, CN=WE1"
emilms.fema.gov,No,Yes,7,2,2024-12-16T00:00:00,2025-12-16T23:59:59,16948093744;15777114380;18131175742;16447162557;16372344516;16372339379;18208856290,"C=US, O=DigiCert Inc, OU=www.digicert.com, CN=GeoTrust TLS RSA CA G1;C=US, O=DigiCert Inc, OU=www.digicert.com, CN=GeoTrust RSA CA 2018"
ep.msc.fema.gov,No,Yes,1,1,2025-06-20T00:00:00,2026-07-14T23:59:59,19142531315,"C=US, O=DigiCert Inc, CN=DigiCert EV RSA CA G2"
eservices.fema.gov,Yes,Yes,9,4,2025-04-30T00:37:05,2025-09-26T01:09:33,18945665665;18134386834;18135037106;19299346817;19299317752;19299287306;18945316349;18134365081;19299327408,"C=US, O=Google Trust Services, CN=WR1;C=US, O=""CLOUDFLARE, INC."", CN=Cloudflare TLS Issuing ECC CA 1;C=US, O=""CLOUDFLARE, INC."", CN=Cloudflare TLS Issuing RSA CA 1;C=US, O=Google Trust Services, CN=WE1"
espfaq.fema.gov,No,Yes,12,2,2025-04-09T00:00:00,2026-04-09T23:59:59,18499335844;17982938845;19250178429;18499345217;17739982718;17740041308;19103922344;17982940211;19103922592;17982930156;18499340096;18789272541,"C=US, O=DigiCert Inc, CN=DigiCert Global G3 TLS ECC SHA384 2020 CA1;C=US, O=DigiCert Inc, CN=DigiCert Global G2 TLS RSA SHA256 2020 CA1"
fact.fema.gov,Yes,Yes,1,1,2025-04-15T00:00:00,2026-05-12T23:59:59,17865551609,"C=US, O=DigiCert Inc, CN=DigiCert Global G2 TLS RSA SHA256 2020 CA1"
faq.fema.gov,No,Yes,12,2,2025-04-09T00:00:00,2026-04-09T23:59:59,18499335844;17982938845;19250178429;18499345217;17739982718;17740041308;19103922344;17982940211;19103922592;17982930156;18499340096;18789272541,"C=US, O=DigiCert Inc, CN=DigiCert Global G3 TLS ECC SHA384 2020 CA1;C=US, O=DigiCert Inc, CN=DigiCert Global G2 TLS RSA SHA256 2020 CA1"
fedhr.fema.gov,Yes,Yes,2,1,2025-04-11T15:00:53,2026-04-14T13:39:35,17830174900;17785790207,"C=US, O=SSL Corporation, CN=Entrust EV TLS Issuing RSA CA 1"
fema.gov,No,Yes,14,3,2025-04-09T00:00:00,2026-04-14T23:59:59,18499335844;17982938845;19250178429;18499345217;17844602296;17739982718;17844601441;17740041308;19103922344;17982940211;19103922592;17982930156;18499340096;18789272541,"C=GB, ST=Greater Manchester, L=Salford, O=Sectigo Limited, CN=Sectigo RSA Domain Validation Secure Server CA;C=US, O=DigiCert Inc, CN=DigiCert Global G3 TLS ECC SHA384 2020 CA1;C=US, O=DigiCert Inc, CN=DigiCert Global G2 TLS RSA SHA256 2020 CA1"
fema.mec.fema.gov,Yes,Yes,1,1,2024-12-12T17:52:19,2025-12-14T13:48:23,15728936419,"C=US, O=SSL Corporation, CN=Entrust EV TLS Issuing RSA CA 1"
filetrail.msc.fema.gov,No,Yes,1,1,2025-06-20T00:00:00,2026-07-14T23:59:59,19142531315,"C=US, O=DigiCert Inc, CN=DigiCert EV RSA CA G2"
floodmaps.fema.gov,No,Yes,3,1,2025-04-14T00:00:00,2026-07-14T23:59:59,17845053143;19516142166;19142531315,"C=US, O=DigiCert Inc, CN=DigiCert EV RSA CA G2"
fma.fema.gov,No,Yes,51,5,2024-11-16T00:00:00,2026-07-05T23:59:59,17741834613;16589472439;19267911919;17741840613;19396167678;19205009027;16654677980;16268552235;15741394831;15371975973;16852349389;18678674388;16204622861;19074943444;16371344381;16204668904;18678644473;17188137646;16856005947;16589454567;19103669163;19292194160;19292194399;17905656913;15445455678;19292118677;16866188279;16654915276;19517907329;19103654629;17294337147;15371925208;15417560051;18772425302;18537588821;15741384105;18943027988;18943019227;16965839946;19292118927;16856004961;19205045933;17188112153;18523749370;16654877847;18523738272;16371356182;16852349200;15445448996;19396152796;16204633938,"C=CA, O=Entrust Limited, CN=Entrust EV TLS Issuing RSA CA 2;C=US, O=DigiCert Inc, CN=DigiCert TLS Hybrid ECC SHA384 2020 CA1;C=US, O=DigiCert Inc, CN=DigiCert TLS RSA SHA256 2020 CA1;C=US, O=DigiCert Inc, CN=DigiCert Global G3 TLS ECC SHA384 2020 CA1;C=US, O=DigiCert Inc, CN=DigiCert Global G2 TLS RSA SHA256 2020 CA1"
forms.fema.gov,Yes,Yes,4,3,2025-01-08T07:10:29,2026-01-16T14:06:59,18945783919;18945783022;16086929020;16782578415,"C=US, O=SSL Corporation, CN=Entrust EV TLS Issuing RSA CA 1;C=US, O=Google Trust Services, CN=WR1;C=US, O=Google Trust Services, CN=WE1"
get.nfipdirect.fema.gov,No,Yes,3,1,2024-09-16T19:33:39,2025-09-20T19:33:37,16780697779;14585107802;14575043227,"C=US, O=""Entrust, Inc."", OU=See www.entrust.net/legal-terms, OU=""(c) 2014 Entrust, Inc. - for authorized use only"", CN=Entrust Certification Authority - L1M"
gis.fema.gov,No,Yes,17,4,2024-08-13T00:00:00,2026-06-16T23:59:59,14151373639;19062555136;14123973885;14124114320;19103758157;18253727482;17605944918;14123973886;19103777205;17605302254;14151361571;19245435572;19062508737;14707748631;17627970120;19103765042;18253727481,"C=CA, O=Entrust Limited, CN=Entrust EV TLS Issuing RSA CA 2;C=US, O=DigiCert Inc, CN=DigiCert Global G3 TLS ECC SHA384 2020 CA1;C=US, O=DigiCert Inc, CN=DigiCert TLS RSA SHA256 2020 CA1;C=US, O=DigiCert Inc, CN=DigiCert Global G2 TLS RSA SHA256 2020 CA1"
gis.preptoolkit.fema.gov,No,Yes,2,1,2024-09-30T00:00:00,2025-10-21T23:59:59,16781587050;14747497486,"C=US, O=DigiCert Inc, CN=GeoTrust EV RSA CA G2"
go.fema.gov,No,Yes,7,2,2024-12-16T00:00:00,2025-12-16T23:59:59,16948093744;15777114380;18131175742;16447162557;16372344516;16372339379;18208856290,"C=US, O=DigiCert Inc, OU=www.digicert.com, CN=GeoTrust TLS RSA CA G1;C=US, O=DigiCert Inc, OU=www.digicert.com, CN=GeoTrust RSA CA 2018"
grantee.fema.gov,No,Yes,5,2,2024-07-23T12:13:32,2026-08-01T23:59:59,16780365779;19592852957;13849680679;13894802360;19592853062,"C=US, O=""Entrust, Inc."", OU=See www.entrust.net/legal-terms, OU=""(c) 2014 Entrust, Inc. - for authorized use only"", CN=Entrust Certification Authority - L1M;C=CA, O=Entrust Limited, CN=Entrust EV TLS Issuing RSA CA 2"
hazards.fema.gov,Yes,Yes,5,1,2024-09-04T00:00:00,2026-07-14T23:59:59,14428901697;14898527636;19142497616;14428901839;14428901685,"C=US, O=DigiCert Inc, CN=DigiCert EV RSA CA G2"
hazus-support.msc.fema.gov,No,Yes,1,1,2025-06-20T00:00:00,2026-07-14T23:59:59,19142531315,"C=US, O=DigiCert Inc, CN=DigiCert EV RSA CA G2"
ifemavdc.fema.gov,Yes,Yes,2,1,2024-09-19T13:39:43,2025-09-19T13:39:42,16781471606;14607476206,"C=US, O=""Entrust, Inc."", OU=See www.entrust.net/legal-terms, OU=""(c) 2014 Entrust, Inc. - for authorized use only"", CN=Entrust Certification Authority - L1M"
integration.aws.fema.gov,Yes,Yes,42,6,2024-09-18T00:00:00,2025-11-19T23:59:59,17741834613;16589472439;17741840613;16654677980;16268552235;15741394831;15371975973;18252818169;19445348688;16852349389;16204622861;16204668904;16371344381;14595645445;17188137646;16856005947;16589454567;17905656913;19445372274;15445455678;19445447557;16866188279;16654915276;17294337147;15371925208;15417560051;19445469779;18537588821;15741384105;16965839946;19445451286;16856004961;17188112153;18252883616;18523749370;16654877847;18523738272;16371356182;16852349200;18252948875;15445448996;16204633938,"C=US, O=""CLOUDFLARE, INC."", CN=Cloudflare TLS Issuing RSA CA 1;C=US, O=DigiCert Inc, CN=DigiCert TLS Hybrid ECC SHA384 2020 CA1;C=US, O=""CLOUDFLARE, INC."", CN=Cloudflare TLS Issuing ECC CA 1;C=US, O=DigiCert Inc, CN=DigiCert TLS RSA SHA256 2020 CA1;C=US, O=DigiCert Inc, CN=DigiCert Global G3 TLS ECC SHA384 2020 CA1;C=US, O=DigiCert Inc, CN=DigiCert Global G2 TLS RSA SHA256 2020 CA1"
integration.fema.gov,Yes,Yes,53,10,2024-11-16T00:00:00,2026-02-25T23:59:59,17741834613;16589472439;17741840613;16654677980;16268552235;15741394831;15371975973;16856912457;19298953815;16852349389;18678674388;18133948351;18134668196;18133925854;16204622861;19074943444;16371344381;16204668904;18678644473;17188137646;16856005947;16589454567;19103669163;18134665675;17905656913;15445455678;19298957662;16866188279;16654915276;19298877408;19103654629;17294337147;15371925208;15417560051;18772425302;18537588821;15741384105;18943027988;16977756642;18946092864;18943019227;16965839946;16856004961;17561274672;17188112153;18523749370;16654877847;18523738272;16371356182;16852349200;15445448996;18946096278;16204633938,"C=US, O=""CLOUDFLARE, INC."", CN=Cloudflare TLS Issuing RSA CA 1;C=US, O=DigiCert Inc, CN=DigiCert TLS Hybrid ECC SHA384 2020 CA1;C=US, O=Google Trust Services, CN=WR1;C=US, O=DigiCert Inc, OU=www.digicert.com, CN=GeoTrust TLS RSA CA G1;C=US, O=""CLOUDFLARE, INC."", CN=Cloudflare TLS Issuing ECC CA 1;C=US, O=DigiCert Inc, CN=DigiCert TLS RSA SHA256 2020 CA1;C=US, O=Google Trust Services, CN=WE1;C=US, O=DigiCert Inc, OU=www.digicert.com, CN=GeoTrust RSA CA 2018;C=US, O=DigiCert Inc, CN=DigiCert Global G3 TLS ECC SHA384 2020 CA1;C=US, O=DigiCert Inc, CN=DigiCert Global G2 TLS RSA SHA256 2020 CA1"
ipaws-demo-retool.aws.fema.gov,No,Yes,37,6,2024-11-16T00:00:00,2025-11-19T23:59:59,17741834613;16589472439;17741840613;16654677980;16268552235;18502014476;15741394831;15371975973;16852349389;18502056663;16204622861;16204668904;16371344381;18502276261;17188137646;16856005947;16589454567;18501957575;17905656913;15445455678;16866188279;16654915276;17294337147;15371925208;15417560051;18537588821;15741384105;16965839946;16856004961;17188112153;18523749370;16654877847;18523738272;16371356182;16852349200;15445448996;16204633938,"C=US, O=""CLOUDFLARE, INC."", CN=Cloudflare TLS Issuing RSA CA 1;C=US, O=DigiCert Inc, CN=DigiCert TLS Hybrid ECC SHA384 2020 CA1;C=US, O=""CLOUDFLARE, INC."", CN=Cloudflare TLS Issuing ECC CA 1;C=US, O=DigiCert Inc, CN=DigiCert TLS RSA SHA256 2020 CA1;C=US, O=DigiCert Inc, CN=DigiCert Global G3 TLS ECC SHA384 2020 CA1;C=US, O=DigiCert Inc, CN=DigiCert Global G2 TLS RSA SHA256 2020 CA1"
ipaws-staging-retool.aws.fema.gov,Yes,Yes,39,6,2024-11-16T00:00:00,2025-11-19T23:59:59,17741834613;16589472439;17741840613;16654677980;16268552235;15741394831;15371975973;19490963259;19490922018;16852349389;16204622861;16204668904;16371344381;17188137646;16856005947;16589454567;17905656913;18292002303;15445455678;16866188279;18291968392;16654915276;17294337147;15371925208;15417560051;18291994332;18537588821;15741384105;16965839946;16856004961;17188112153;19490944641;18523749370;18523738272;16654877847;16371356182;16852349200;15445448996;16204633938,"C=US, O=""CLOUDFLARE, INC."", CN=Cloudflare TLS Issuing RSA CA 1;C=US, O=DigiCert Inc, CN=DigiCert TLS Hybrid ECC SHA384 2020 CA1;C=US, O=""CLOUDFLARE, INC."", CN=Cloudflare TLS Issuing ECC CA 1;C=US, O=DigiCert Inc, CN=DigiCert TLS RSA SHA256 2020 CA1;C=US, O=DigiCert Inc, CN=DigiCert Global G3 TLS ECC SHA384 2020 CA1;C=US, O=DigiCert Inc, CN=DigiCert Global G2 TLS RSA SHA256 2020 CA1"
irishub.preptoolkit.fema.gov,No,Yes,2,1,2024-09-30T00:00:00,2025-10-21T23:59:59,16781587050;14747497486,"C=US, O=DigiCert Inc, CN=GeoTrust EV RSA CA G2"
isource.fema.gov,Yes,Yes,11,5,2024-12-27T19:49:45,2026-01-02T10:59:24,15908936730;19299229067;18945662441;18134262553;19299266524;19299259816;16782249797;18134284673;18946097563;18134945757;18945296737,"C=US, O=""CLOUDFLARE, INC."", CN=Cloudflare TLS Issuing RSA CA 1;C=US, O=Google Trust Services, CN=WR1;C=US, O=""CLOUDFLARE, INC."", CN=Cloudflare TLS Issuing ECC CA 1;C=US, O=Google Trust Services, CN=WE1;C=US, O=SSL Corporation, CN=Entrust EV TLS Issuing RSA CA 1"
itsupport.fema.gov,Yes,Yes,6,5,2024-12-11T00:50:48,2025-12-12T09:24:07,18945749900;18936772755;18936759153;18945750278;18936788748;15705186229,"C=US, O=""CLOUDFLARE, INC."", CN=Cloudflare TLS Issuing RSA CA 1;C=US, O=Google Trust Services, CN=WR1;C=US, O=""CLOUDFLARE, INC."", CN=Cloudflare TLS Issuing ECC CA 1;C=US, O=Google Trust Services, CN=WE1;C=US, O=SSL Corporation, CN=Entrust OV TLS Issuing RSA CA 1"
lcms-stage.training.fema.gov,Yes,Yes,5,2,2025-05-05T00:00:00,2026-05-13T23:59:59,19530396697;18501621172;18235157324;18235157568;18517422546,"C=US, O=SSL Corporation, CN=Entrust EV TLS Issuing RSA CA 1;C=CA, O=Entrust Limited, CN=Entrust EV TLS Issuing RSA CA 2"
lcms.training.fema.gov,Yes,Yes,4,2,2025-05-05T00:00:00,2026-05-13T23:59:59,18501479301;18235196753;18235196785;19518179681,"C=US, O=SSL Corporation, CN=Entrust EV TLS Issuing RSA CA 1;C=CA, O=Entrust Limited, CN=Entrust EV TLS Issuing RSA CA 2"
lpms.fema.gov,Yes,Yes,2,1,2025-04-30T00:00:00,2026-05-03T23:59:59,18148904037;18148903912,"C=CA, O=Entrust Limited, CN=Entrust EV TLS Issuing RSA CA 2"
lscms-auth.fema.gov,Yes,Yes,1,1,2025-04-30T00:00:00,2026-04-29T23:59:59,18151325655,"C=US, O=DigiCert Inc, CN=DigiCert Global G2 TLS RSA SHA256 2020 CA1"
lscms-ca.fema.gov,No,Yes,2,1,2025-05-01T00:00:00,2026-04-30T23:59:59,19517471346;18169099519,"C=US, O=DigiCert Inc, CN=DigiCert EV RSA CA G2"
lscms-disc.fema.gov,No,Yes,2,1,2025-05-01T00:00:00,2026-04-30T23:59:59,19517471346;18169099519,"C=US, O=DigiCert Inc, CN=DigiCert EV RSA CA G2"
lscms-mda.fema.gov,No,Yes,2,1,2025-05-01T00:00:00,2026-04-30T23:59:59,19517471346;18169099519,"C=US, O=DigiCert Inc, CN=DigiCert EV RSA CA G2"
lscms-mif.fema.gov,No,Yes,2,1,2025-05-01T00:00:00,2026-04-30T23:59:59,19517471346;18169099519,"C=US, O=DigiCert Inc, CN=DigiCert EV RSA CA G2"
lscms-sci.fema.gov,No,Yes,2,1,2025-05-01T00:00:00,2026-04-30T23:59:59,19517471346;18169099519,"C=US, O=DigiCert Inc, CN=DigiCert EV RSA CA G2"
lscms-wm.fema.gov,No,Yes,2,1,2025-05-01T00:00:00,2026-04-30T23:59:59,19517471346;18169099519,"C=US, O=DigiCert Inc, CN=DigiCert EV RSA CA G2"
lscms.fema.gov,Yes,Yes,2,1,2025-05-01T00:00:00,2026-04-30T23:59:59,19517471346;18169099519,"C=US, O=DigiCert Inc, CN=DigiCert EV RSA CA G2"
m.fema.gov,No,Yes,7,2,2024-12-16T00:00:00,2025-12-16T23:59:59,16948093744;15777114380;18131175742;16447162557;16372344516;16372339379;18208856290,"C=US, O=DigiCert Inc, OU=www.digicert.com, CN=GeoTrust TLS RSA CA G1;C=US, O=DigiCert Inc, OU=www.digicert.com, CN=GeoTrust RSA CA 2018"
m.usfa.fema.gov,No,Yes,7,2,2024-12-16T00:00:00,2025-12-16T23:59:59,16948093744;15777114380;18131175742;16447162557;16372344516;16372339379;18208856290,"C=US, O=DigiCert Inc, OU=www.digicert.com, CN=GeoTrust TLS RSA CA G1;C=US, O=DigiCert Inc, OU=www.digicert.com, CN=GeoTrust RSA CA 2018"
map1.msc.fema.gov,Yes,Yes,3,1,2024-09-03T00:00:00,2026-07-14T23:59:59,19142531315;16781057530;14415526760,"C=US, O=DigiCert Inc, CN=DigiCert EV RSA CA G2"
mapviewtest.msc.fema.gov,Yes,Yes,2,1,2024-08-09T00:00:00,2025-08-08T23:59:59,14063083093;16780539596,"C=US, O=DigiCert Inc, CN=DigiCert EV RSA CA G2"
messageviewer.demo.apps.fema.gov,No,Yes,37,6,2024-09-17T00:00:00,2025-11-19T23:59:59,17741834613;16589472439;17741840613;18502145580;16654677980;16268552235;15741394831;15371975973;16852349389;16204622861;16204668904;16371344381;17188137646;16856005947;18502084538;16589454567;18502142960;17905656913;15445455678;16866188279;16654915276;17294337147;15371925208;15417560051;18537588821;15741384105;16965839946;16856004961;14585033314;17188112153;18523749370;16654877847;18523738272;16371356182;16852349200;15445448996;16204633938,"C=US, O=""CLOUDFLARE, INC."", CN=Cloudflare TLS Issuing RSA CA 1;C=US, O=DigiCert Inc, CN=DigiCert TLS Hybrid ECC SHA384 2020 CA1;C=US, O=""CLOUDFLARE, INC."", CN=Cloudflare TLS Issuing ECC CA 1;C=US, O=DigiCert Inc, CN=DigiCert TLS RSA SHA256 2020 CA1;C=US, O=DigiCert Inc, CN=DigiCert Global G3 TLS ECC SHA384 2020 CA1;C=US, O=DigiCert Inc, CN=DigiCert Global G2 TLS RSA SHA256 2020 CA1"
messageviewer.tdl.apps.fema.gov,Yes,Yes,48,6,2024-09-16T00:00:00,2025-11-19T23:59:59,17741834613;16589472439;17741840613;18292588584;16654677980;19506519704;18292599616;16268552235;15741394831;15371975973;19491494185;16852349389;16204622861;16204668904;16371344381;19491698748;19491369107;18292473994;17188137646;16856005947;16589454567;17905656913;19492538941;15445455678;16866188279;16654915276;17294337147;15371925208;15417560051;19491699169;19494571853;18537588821;15741384105;14574576246;16965839946;16856004961;17188112153;19491361789;19506519663;18523749370;16654877847;19499670033;18523738272;16371356182;16852349200;19506498804;15445448996;16204633938,"C=US, O=""CLOUDFLARE, INC."", CN=Cloudflare TLS Issuing RSA CA 1;C=US, O=DigiCert Inc, CN=DigiCert TLS Hybrid ECC SHA384 2020 CA1;C=US, O=""CLOUDFLARE, INC."", CN=Cloudflare TLS Issuing ECC CA 1;C=US, O=DigiCert Inc, CN=DigiCert TLS RSA SHA256 2020 CA1;C=US, O=DigiCert Inc, CN=DigiCert Global G3 TLS ECC SHA384 2020 CA1;C=US, O=DigiCert Inc, CN=DigiCert Global G2 TLS RSA SHA256 2020 CA1"
mobile.fema.gov,No,Yes,7,2,2024-12-16T00:00:00,2025-12-16T23:59:59,16948093744;15777114380;18131175742;16447162557;16372344516;16372339379;18208856290,"C=US, O=DigiCert Inc, OU=www.digicert.com, CN=GeoTrust TLS RSA CA G1;C=US, O=DigiCert Inc, OU=www.digicert.com, CN=GeoTrust RSA CA 2018"
msc.fema.gov,Yes,Yes,1,1,2025-06-20T00:00:00,2026-07-14T23:59:59,19142473260,"C=US, O=DigiCert Inc, CN=DigiCert EV RSA CA G2"
mstr.preptoolkit.fema.gov,No,Yes,2,1,2024-09-30T00:00:00,2025-10-21T23:59:59,16781587050;14747497486,"C=US, O=DigiCert Inc, CN=GeoTrust EV RSA CA G2"
my.nfipdirect.fema.gov,No,Yes,3,1,2024-09-16T19:33:39,2025-09-20T19:33:37,16780697779;14585107802;14575043227,"C=US, O=""Entrust, Inc."", OU=See www.entrust.net/legal-terms, OU=""(c) 2014 Entrust, Inc. - for authorized use only"", CN=Entrust Certification Authority - L1M"
ndg-gg-aws-dev.fema.gov,Yes,Yes,1,1,2024-08-05T15:13:22,2025-09-01T15:13:21,14005014841,"C=US, O=""Entrust, Inc."", OU=See www.entrust.net/legal-terms, OU=""(c) 2012 Entrust, Inc. - for authorized use only"", CN=Entrust Certification Authority - L1K"
ndg-gg-aws-ivv.fema.gov,Yes,Yes,1,1,2024-08-05T15:18:23,2025-09-01T15:18:22,14005055709,"C=US, O=""Entrust, Inc."", OU=See www.entrust.net/legal-terms, OU=""(c) 2012 Entrust, Inc. - for authorized use only"", CN=Entrust Certification Authority - L1K"
ndg-gg-aws-sit.fema.gov,Yes,Yes,1,1,2024-08-05T15:20:52,2025-09-01T15:20:50,14005086488,"C=US, O=""Entrust, Inc."", OU=See www.entrust.net/legal-terms, OU=""(c) 2012 Entrust, Inc. - for authorized use only"", CN=Entrust Certification Authority - L1K"
ndg-gg-aws-uat.fema.gov,Yes,Yes,1,1,2024-08-05T15:23:07,2025-09-01T15:23:06,14005104259,"C=US, O=""Entrust, Inc."", OU=See www.entrust.net/legal-terms, OU=""(c) 2012 Entrust, Inc. - for authorized use only"", CN=Entrust Certification Authority - L1K"
ndg-gg-aws.fema.gov,Yes,Yes,1,1,2024-11-01T16:46:39,2025-11-14T16:46:38,15173775947,"C=US, O=""Entrust, Inc."", OU=See www.entrust.net/legal-terms, OU=""(c) 2012 Entrust, Inc. - for authorized use only"", CN=Entrust Certification Authority - L1K"
ndgrants.fema.gov,Yes,Yes,2,1,2025-04-18T00:00:00,2026-04-19T23:59:59,17928669092;17928669237,"C=CA, O=Entrust Limited, CN=Entrust OV TLS Issuing RSA CA 2"
nfipdirect.fema.gov,Yes,Yes,6,2,2024-09-16T19:33:39,2026-02-18T13:22:34,16766418324;16766417219;14585107802;16780697779;17428747459;14575043227,"C=US, O=""Entrust, Inc."", OU=See www.entrust.net/legal-terms, OU=""(c) 2014 Entrust, Inc. - for authorized use only"", CN=Entrust Certification Authority - L1M;C=US, O=SSL Corporation, CN=Entrust OV TLS Issuing RSA CA 1"
nfirs.fema.gov,Yes,Yes,11,5,2025-03-14T16:01:22,2026-03-22T12:58:01,18134524314;17111812025;18135199768;18134540150;18946134761;18962092744;18945699743;18962111983;17275059993;18962081318;18945360530,"C=US, O=""CLOUDFLARE, INC."", CN=Cloudflare TLS Issuing RSA CA 1;C=US, O=Google Trust Services, CN=WR1;C=US, O=""CLOUDFLARE, INC."", CN=Cloudflare TLS Issuing ECC CA 1;C=US, O=Google Trust Services, CN=WE1;C=US, O=SSL Corporation, CN=Entrust EV TLS Issuing RSA CA 1"
ofapi.fema.gov,Yes,Yes,2,1,2025-04-22T00:00:00,2026-05-09T23:59:59,17997919523;17997919361,"C=CA, O=Entrust Limited, CN=Entrust EV TLS Issuing RSA CA 2"
oneresponder.preptoolkit.fema.gov,No,Yes,2,1,2024-09-30T00:00:00,2025-10-21T23:59:59,16781587050;14747497486,"C=US, O=DigiCert Inc, CN=GeoTrust EV RSA CA G2"
origin-go.fema.gov,Yes,Yes,12,5,2025-04-29T21:27:30,2025-10-01T11:04:32,18133321382;18133223223;19395831893;19297315161;18153303106;19395831138;18148766963;19417961016;19297348674;19418180211;18153312878;18148758808,"C=US, O=Let's Encrypt, CN=E6;C=US, O=Google Trust Services, CN=WR1;C=US, O=Let's Encrypt, CN=E5;C=US, O=Google Trust Services, CN=WE1;C=US, O=Let's Encrypt, CN=R10"
origin-pivot-beta.fema.gov,No,Yes,1,1,2024-08-13T11:29:13,2025-08-30T11:29:12,14118354624,"C=US, O=""Entrust, Inc."", OU=See www.entrust.net/legal-terms, OU=""(c) 2014 Entrust, Inc. - for authorized use only"", CN=Entrust Certification Authority - L1M"
origin-staging-go.fema.gov,Yes,Yes,8,4,2025-04-30T04:30:50,2025-09-26T07:27:40,19068710900;18138876622;18957925726;19068710972;18138867300;18957917675;19305000401;19305000731,"C=US, O=Google Trust Services, CN=WR1;C=GB, O=Sectigo Limited, CN=Sectigo Public Server Authentication CA DV E36;C=GB, O=Sectigo Limited, CN=Sectigo Public Server Authentication CA DV R36;C=US, O=Google Trust Services, CN=WE1"
origin-ucort-pivot-beta.fema.gov,No,Yes,1,1,2024-08-13T11:29:13,2025-08-30T11:29:12,14118354624,"C=US, O=""Entrust, Inc."", OU=See www.entrust.net/legal-terms, OU=""(c) 2014 Entrust, Inc. - for authorized use only"", CN=Entrust Certification Authority - L1M"
p4.msc.fema.gov,No,Yes,1,1,2025-06-20T00:00:00,2026-07-14T23:59:59,19142531315,"C=US, O=DigiCert Inc, CN=DigiCert EV RSA CA G2"
pagrants.fema.gov,Yes,Yes,5,2,2024-07-23T12:13:32,2026-08-01T23:59:59,16780365779;19592852957;13849680679;13894802360;19592853062,"C=US, O=""Entrust, Inc."", OU=See www.entrust.net/legal-terms, OU=""(c) 2014 Entrust, Inc. - for authorized use only"", CN=Entrust Certification Authority - L1M;C=CA, O=Entrust Limited, CN=Entrust EV TLS Issuing RSA CA 2"
part-pentest.fema.gov,No,Yes,1,1,2024-09-19T19:06:51,2025-09-20T19:06:50,14610170747,"C=US, O=""Entrust, Inc."", OU=See www.entrust.net/legal-terms, OU=""(c) 2014 Entrust, Inc. - for authorized use only"", CN=Entrust Certification Authority - L1M"
piv.fedhr.fema.gov,No,Yes,2,1,2025-04-11T15:00:53,2026-04-14T13:39:35,17830174900;17785790207,"C=US, O=SSL Corporation, CN=Entrust EV TLS Issuing RSA CA 1"
piv.fema.gov,Yes,Yes,4,3,2025-01-08T07:10:29,2026-01-16T14:06:59,18945434493;16782578415;18945759700;16086929020,"C=US, O=SSL Corporation, CN=Entrust EV TLS Issuing RSA CA 1;C=US, O=Google Trust Services, CN=WR1;C=US, O=Google Trust Services, CN=WE1"
pive.fema.gov,Yes,Yes,2,2,2025-06-10T23:29:57,2025-09-09T00:30:04,18945582063;18945876244,"C=US, O=Google Trust Services, CN=WR1;C=US, O=Google Trust Services, CN=WE1"
pivot-analytics-beta.fema.gov,No,Yes,6,4,2024-08-13T11:29:13,2025-08-30T11:29:12,17889003615;14125657758;16477941031;14118354624;17888819557;14125696300,"C=US, O=""Entrust, Inc."", OU=See www.entrust.net/legal-terms, OU=""(c) 2014 Entrust, Inc. - for authorized use only"", CN=Entrust Certification Authority - L1M;C=US, O=DigiCert Inc, CN=DigiCert Global G3 TLS ECC SHA384 2020 CA1;C=US, O=DigiCert Inc, CN=DigiCert TLS RSA SHA256 2020 CA1;C=US, O=DigiCert Inc, CN=DigiCert Global G2 TLS RSA SHA256 2020 CA1"
pivot-analytics.fema.gov,No,Yes,7,4,2024-08-12T18:52:09,2025-08-30T18:52:08,17889003615;14125657758;14108832728;16477941031;17888819557;14125696300;16780553069,"C=US, O=""Entrust, Inc."", OU=See www.entrust.net/legal-terms, OU=""(c) 2014 Entrust, Inc. - for authorized use only"", CN=Entrust Certification Authority - L1M;C=US, O=DigiCert Inc, CN=DigiCert Global G3 TLS ECC SHA384 2020 CA1;C=US, O=DigiCert Inc, CN=DigiCert TLS RSA SHA256 2020 CA1;C=US, O=DigiCert Inc, CN=DigiCert Global G2 TLS RSA SHA256 2020 CA1"
pivot-beta.fema.gov,No,Yes,6,4,2024-08-13T11:29:13,2025-08-30T11:29:12,17889003615;14125657758;16477941031;14118354624;17888819557;14125696300,"C=US, O=""Entrust, Inc."", OU=See www.entrust.net/legal-terms, OU=""(c) 2014 Entrust, Inc. - for authorized use only"", CN=Entrust Certification Authority - L1M;C=US, O=DigiCert Inc, CN=DigiCert Global G3 TLS ECC SHA384 2020 CA1;C=US, O=DigiCert Inc, CN=DigiCert TLS RSA SHA256 2020 CA1;C=US, O=DigiCert Inc, CN=DigiCert Global G2 TLS RSA SHA256 2020 CA1"
pivot-beta.production.gcp-pivot.fema.net,Yes,No,1,1,2024-08-13T11:29:13,2025-08-30T11:29:12,14118354624,"C=US, O=""Entrust, Inc."", OU=See www.entrust.net/legal-terms, OU=""(c) 2014 Entrust, Inc. - for authorized use only"", CN=Entrust Certification Authority - L1M"
pivot-pentest.fema.gov,No,Yes,1,1,2024-09-19T19:06:51,2025-09-20T19:06:50,14610170747,"C=US, O=""Entrust, Inc."", OU=See www.entrust.net/legal-terms, OU=""(c) 2014 Entrust, Inc. - for authorized use only"", CN=Entrust Certification Authority - L1M"
pivot-reporting-beta.fema.gov,No,Yes,6,3,2025-04-15T00:00:00,2026-04-15T23:59:59,17889003615;17868330629;17925111163;17925111009;17868330944;17888819557,"C=CA, O=Entrust Limited, CN=Entrust EV TLS Issuing RSA CA 2;C=US, O=DigiCert Inc, CN=DigiCert Global G3 TLS ECC SHA384 2020 CA1;C=US, O=DigiCert Inc, CN=DigiCert Global G2 TLS RSA SHA256 2020 CA1"
pivot-reporting.fema.gov,Yes,Yes,6,3,2025-04-15T00:00:00,2026-04-15T23:59:59,17889003615;17868330629;17925111163;17925111009;17868330944;17888819557,"C=CA, O=Entrust Limited, CN=Entrust EV TLS Issuing RSA CA 2;C=US, O=DigiCert Inc, CN=DigiCert Global G3 TLS ECC SHA384 2020 CA1;C=US, O=DigiCert Inc, CN=DigiCert Global G2 TLS RSA SHA256 2020 CA1"
pivot-reporting.fema.net,Yes,No,2,1,2025-04-15T00:00:00,2026-04-15T23:59:59,17868330944;17868330629,"C=CA, O=Entrust Limited, CN=Entrust EV TLS Issuing RSA CA 2"
pivot.fema.gov,No,Yes,7,4,2024-08-12T18:52:09,2025-08-30T18:52:08,17889003615;14125657758;14108832728;16477941031;17888819557;14125696300;16780553069,"C=US, O=""Entrust, Inc."", OU=See www.entrust.net/legal-terms, OU=""(c) 2014 Entrust, Inc. - for authorized use only"", CN=Entrust Certification Authority - L1M;C=US, O=DigiCert Inc, CN=DigiCert Global G3 TLS ECC SHA384 2020 CA1;C=US, O=DigiCert Inc, CN=DigiCert TLS RSA SHA256 2020 CA1;C=US, O=DigiCert Inc, CN=DigiCert Global G2 TLS RSA SHA256 2020 CA1"
pivot.pentest.gcp-pivot.fema.net,Yes,No,1,1,2024-09-19T19:06:51,2025-09-20T19:06:50,14610170747,"C=US, O=""Entrust, Inc."", OU=See www.entrust.net/legal-terms, OU=""(c) 2014 Entrust, Inc. - for authorized use only"", CN=Entrust Certification Authority - L1M"
pivot.production.gcp-pivot.fema.net,Yes,No,2,1,2024-08-12T18:52:09,2025-08-30T18:52:08,14108832728;16780553069,"C=US, O=""Entrust, Inc."", OU=See www.entrust.net/legal-terms, OU=""(c) 2014 Entrust, Inc. - for authorized use only"", CN=Entrust Certification Authority - L1M"
portal.fema.gov,Yes,Yes,12,5,2024-12-27T19:52:09,2026-01-02T11:02:43,18134756298;19299603323;18947902504;16781957588;19299599876;19299544660;15908953352;18947900550;18135368742;19299610577;18134776946;18135372871,"C=US, O=""CLOUDFLARE, INC."", CN=Cloudflare TLS Issuing RSA CA 1;C=US, O=Google Trust Services, CN=WR1;C=US, O=""CLOUDFLARE, INC."", CN=Cloudflare TLS Issuing ECC CA 1;C=US, O=Google Trust Services, CN=WE1;C=US, O=SSL Corporation, CN=Entrust EV TLS Issuing RSA CA 1"
preptoolkit.fema.gov,Yes,Yes,2,1,2024-09-30T00:00:00,2025-10-21T23:59:59,16781587050;14747497486,"C=US, O=DigiCert Inc, CN=GeoTrust EV RSA CA G2"
preview-m.fema.gov,No,Yes,7,2,2024-12-16T00:00:00,2025-12-16T23:59:59,16948093744;15777114380;18131175742;16447162557;16372344516;16372339379;18208856290,"C=US, O=DigiCert Inc, OU=www.digicert.com, CN=GeoTrust TLS RSA CA G1;C=US, O=DigiCert Inc, OU=www.digicert.com, CN=GeoTrust RSA CA 2018"
preview.dhs.gov,Yes,No,4,2,2025-02-25T00:00:00,2026-02-25T23:59:59,17561274672;18984432390;16977756642;16856912457,"C=US, O=DigiCert Inc, OU=www.digicert.com, CN=GeoTrust TLS RSA CA G1;C=US, O=DigiCert Inc, OU=www.digicert.com, CN=GeoTrust RSA CA 2018"
preview.fema.gov,No,Yes,4,2,2025-02-25T00:00:00,2026-02-25T23:59:59,17561274672;18984432390;16977756642;16856912457,"C=US, O=DigiCert Inc, OU=www.digicert.com, CN=GeoTrust TLS RSA CA G1;C=US, O=DigiCert Inc, OU=www.digicert.com, CN=GeoTrust RSA CA 2018"
psa.fema.gov,Yes,Yes,2,1,2024-07-22T14:17:21,2025-07-22T14:17:20,13836625212;16780482828,"C=US, O=""Entrust, Inc."", OU=See www.entrust.net/legal-terms, OU=""(c) 2014 Entrust, Inc. - for authorized use only"", CN=Entrust Certification Authority - L1M"
recovery.fema.gov,No,Yes,7,2,2024-12-16T00:00:00,2025-12-16T23:59:59,16948093744;15777114380;18131175742;16447162557;16372344516;16372339379;18208856290,"C=US, O=DigiCert Inc, OU=www.digicert.com, CN=GeoTrust TLS RSA CA G1;C=US, O=DigiCert Inc, OU=www.digicert.com, CN=GeoTrust RSA CA 2018"
reports.nfipdirect.fema.gov,No,Yes,1,1,2024-09-16T19:33:39,2025-09-20T19:33:37,14575043227,"C=US, O=""Entrust, Inc."", OU=See www.entrust.net/legal-terms, OU=""(c) 2014 Entrust, Inc. - for authorized use only"", CN=Entrust Certification Authority - L1M"
ris.preptoolkit.fema.gov,No,Yes,2,1,2024-09-30T00:00:00,2025-10-21T23:59:59,16781587050;14747497486,"C=US, O=DigiCert Inc, CN=GeoTrust EV RSA CA G2"
rmd.msc.fema.gov,No,Yes,1,1,2025-06-20T00:00:00,2026-07-14T23:59:59,19142531315,"C=US, O=DigiCert Inc, CN=DigiCert EV RSA CA G2"
rtlt.preptoolkit.fema.gov,No,Yes,2,1,2024-09-30T00:00:00,2025-10-21T23:59:59,16781587050;14747497486,"C=US, O=DigiCert Inc, CN=GeoTrust EV RSA CA G2"
sb-static.mec.fema.gov,No,Yes,2,1,2024-12-12T17:55:00,2025-12-14T13:50:42,15728955381;16782237537,"C=US, O=SSL Corporation, CN=Entrust EV TLS Issuing RSA CA 1"
sbx-fema-fema.sbx.mec.fema.gov,No,Yes,1,1,2024-12-12T17:52:19,2025-12-14T13:48:23,15728936419,"C=US, O=SSL Corporation, CN=Entrust EV TLS Issuing RSA CA 1"
services.nfipdirect.fema.gov,Yes,Yes,4,4,2025-05-24T22:54:27,2025-08-23T00:27:30,18676222745;18605125760;18654378012;18605210810,"C=US, O=Google Trust Services, CN=WR1;C=US, O=""CLOUDFLARE, INC."", CN=Cloudflare TLS Issuing ECC CA 1;C=US, O=""CLOUDFLARE, INC."", CN=Cloudflare TLS Issuing RSA CA 1;C=US, O=Google Trust Services, CN=WE1"
sftp.nfipdirect.fema.gov,No,Yes,3,1,2024-09-16T19:33:39,2025-09-20T19:33:37,16780697779;14585107802;14575043227,"C=US, O=""Entrust, Inc."", OU=See www.entrust.net/legal-terms, OU=""(c) 2014 Entrust, Inc. - for authorized use only"", CN=Entrust Certification Authority - L1M"
splunk.nfipdirect.fema.gov,No,Yes,1,1,2024-09-16T19:33:39,2025-09-20T19:33:37,14575043227,"C=US, O=""Entrust, Inc."", OU=See www.entrust.net/legal-terms, OU=""(c) 2014 Entrust, Inc. - for authorized use only"", CN=Entrust Certification Authority - L1M"
sso.fema.gov,Yes,Yes,2,1,2024-10-01T14:51:27,2025-10-01T14:51:26,14758746478;16781564869,"C=US, O=""Entrust, Inc."", OU=See www.entrust.net/legal-terms, OU=""(c) 2014 Entrust, Inc. - for authorized use only"", CN=Entrust Certification Authority - L1M"
sso.preptoolkit.fema.gov,No,Yes,2,1,2024-09-30T00:00:00,2025-10-21T23:59:59,16781587050;14747497486,"C=US, O=DigiCert Inc, CN=GeoTrust EV RSA CA G2"
ssp.fema.gov,Yes,Yes,10,4,2025-04-30T00:41:30,2025-09-26T01:18:13,18134475236;19299460720;19299433432;19299440526;18945682732;18134439429;18135125411;18945328795;19299421403;18135125825,"C=US, O=Google Trust Services, CN=WR1;C=US, O=""CLOUDFLARE, INC."", CN=Cloudflare TLS Issuing ECC CA 1;C=US, O=""CLOUDFLARE, INC."", CN=Cloudflare TLS Issuing RSA CA 1;C=US, O=Google Trust Services, CN=WE1"
stage.nfipdirect.fema.gov,Yes,Yes,4,2,2024-09-17T15:08:57,2026-02-17T14:19:39,16759283778;16766416225;14585152861;16780679142,"C=US, O=""Entrust, Inc."", OU=See www.entrust.net/legal-terms, OU=""(c) 2014 Entrust, Inc. - for authorized use only"", CN=Entrust Certification Authority - L1M;C=US, O=SSL Corporation, CN=Entrust OV TLS Issuing RSA CA 1"
staging-fact.fema.gov,Yes,Yes,1,1,2025-04-15T00:00:00,2026-04-14T23:59:59,17866329145,"C=US, O=DigiCert Inc, CN=DigiCert Global G2 TLS RSA SHA256 2020 CA1"
staging-fma.fema.gov,No,Yes,53,5,2024-11-16T00:00:00,2026-07-05T23:59:59,17741834613;16589472439;19267911919;17741840613;19396167678;19205009027;16654677980;16268552235;15741394831;15371975973;16852349389;18678674388;16204622861;19074943444;16371344381;16204668904;18678644473;17188137646;16856005947;16589454567;19103669163;19292194160;19292194399;17905656913;19292245325;15445455678;19292118677;16866188279;16654915276;19517907329;19103654629;17294337147;15371925208;15417560051;19292245169;18772425302;18537588821;15741384105;18943027988;18943019227;16965839946;19292118927;16856004961;19205045933;17188112153;18523749370;16654877847;18523738272;16371356182;16852349200;15445448996;19396152796;16204633938,"C=CA, O=Entrust Limited, CN=Entrust EV TLS Issuing RSA CA 2;C=US, O=DigiCert Inc, CN=DigiCert TLS Hybrid ECC SHA384 2020 CA1;C=US, O=DigiCert Inc, CN=DigiCert TLS RSA SHA256 2020 CA1;C=US, O=DigiCert Inc, CN=DigiCert Global G3 TLS ECC SHA384 2020 CA1;C=US, O=DigiCert Inc, CN=DigiCert Global G2 TLS RSA SHA256 2020 CA1"
staging-go.fema.gov,No,Yes,7,2,2024-12-16T00:00:00,2025-12-16T23:59:59,16948093744;15777114380;18131175742;16447162557;16372344516;16372339379;18208856290,"C=US, O=DigiCert Inc, OU=www.digicert.com, CN=GeoTrust TLS RSA CA G1;C=US, O=DigiCert Inc, OU=www.digicert.com, CN=GeoTrust RSA CA 2018"
staging-m.fema.gov,No,Yes,10,3,2024-11-11T00:00:00,2025-11-11T23:59:59,15336325846;15336321777;15717099262;15717236524;15300243632;15336339577;16976231637;16975049970;15300190353;16976232321,"C=US, O=DigiCert Inc, CN=DigiCert Global G3 TLS ECC SHA384 2020 CA1;C=US, O=DigiCert Inc, CN=DigiCert TLS RSA SHA256 2020 CA1;C=US, O=DigiCert Inc, CN=DigiCert Global G2 TLS RSA SHA256 2020 CA1"
staging.fema.gov,No,Yes,4,2,2025-02-09T00:00:00,2026-02-11T23:59:59,18581707897;18580894723;16621718437;18580896916,"C=US, O=DigiCert Inc, OU=www.digicert.com, CN=GeoTrust TLS RSA CA G1;C=US, O=DigiCert Inc, OU=www.digicert.com, CN=GeoTrust RSA CA 2018"
static.mec.fema.gov,No,Yes,1,1,2024-12-12T17:52:19,2025-12-14T13:48:23,15728936419,"C=US, O=SSL Corporation, CN=Entrust EV TLS Issuing RSA CA 1"
stg.grantee.fema.gov,No,Yes,5,2,2024-07-23T12:31:36,2026-07-23T23:59:59,19592901188;19592900622;13849836207;13881569713;16780396232,"C=US, O=""Entrust, Inc."", OU=See www.entrust.net/legal-terms, OU=""(c) 2014 Entrust, Inc. - for authorized use only"", CN=Entrust Certification Authority - L1M;C=CA, O=Entrust Limited, CN=Entrust EV TLS Issuing RSA CA 2"
stg.pagrants.fema.gov,Yes,Yes,5,2,2024-07-23T12:31:36,2026-07-23T23:59:59,19592901188;19592900622;13849836207;13881569713;16780396232,"C=US, O=""Entrust, Inc."", OU=See www.entrust.net/legal-terms, OU=""(c) 2014 Entrust, Inc. - for authorized use only"", CN=Entrust Certification Authority - L1M;C=CA, O=Entrust Limited, CN=Entrust EV TLS Issuing RSA CA 2"
survey.mec.fema.gov,Yes,Yes,2,1,2024-12-12T17:55:00,2025-12-14T13:50:42,15728955381;16782237537,"C=US, O=SSL Corporation, CN=Entrust EV TLS Issuing RSA CA 1"
survey.sbx.mec.fema.gov,No,Yes,2,1,2024-12-12T17:55:00,2025-12-14T13:50:42,15728955381;16782237537,"C=US, O=SSL Corporation, CN=Entrust EV TLS Issuing RSA CA 1"
tableau.nfipdirect.fema.gov,No,Yes,3,1,2024-09-16T19:33:39,2025-09-20T19:33:37,16780697779;14585107802;14575043227,"C=US, O=""Entrust, Inc."", OU=See www.entrust.net/legal-terms, OU=""(c) 2014 Entrust, Inc. - for authorized use only"", CN=Entrust Certification Authority - L1M"
tdl.apps.fema.gov,Yes,Yes,51,6,2024-09-17T00:00:00,2025-11-19T23:59:59,18292419133;17741834613;19491713624;16589472439;17741840613;16654677980;19522890127;16268552235;15741394831;15371975973;19491494316;16852349389;16204622861;16204668904;16371344381;17188137646;19491705389;14585070513;16856005947;16589454567;19491493713;17905656913;15445455678;18292459825;19515172507;19515160285;18292458676;16866188279;19491350181;17294337147;16654915276;15371925208;19522898393;15417560051;19493201010;19493199113;18537588821;15741384105;19497084842;16965839946;19522941112;16856004961;17188112153;18523749370;16654877847;18523738272;16371356182;16852349200;15445448996;19496331098;16204633938,"C=US, O=""CLOUDFLARE, INC."", CN=Cloudflare TLS Issuing RSA CA 1;C=US, O=DigiCert Inc, CN=DigiCert TLS Hybrid ECC SHA384 2020 CA1;C=US, O=""CLOUDFLARE, INC."", CN=Cloudflare TLS Issuing ECC CA 1;C=US, O=DigiCert Inc, CN=DigiCert TLS RSA SHA256 2020 CA1;C=US, O=DigiCert Inc, CN=DigiCert Global G3 TLS ECC SHA384 2020 CA1;C=US, O=DigiCert Inc, CN=DigiCert Global G2 TLS RSA SHA256 2020 CA1"
tdl.atp.aws.fema.gov,Yes,Yes,40,6,2024-11-16T00:00:00,2025-11-19T23:59:59,17741834613;16589472439;17741840613;16654677980;16268552235;15741394831;15371975973;16852349389;18292049317;18292189476;16204668904;16371344381;16204622861;17188137646;19491265646;16856005947;16589454567;17905656913;15445455678;16866188279;16654915276;17294337147;15371925208;15417560051;18292193788;18537588821;15741384105;19491254193;19491216823;16965839946;16856004961;17188112153;18523749370;16654877847;18523738272;16371356182;19491265212;16852349200;15445448996;16204633938,"C=US, O=""CLOUDFLARE, INC."", CN=Cloudflare TLS Issuing RSA CA 1;C=US, O=DigiCert Inc, CN=DigiCert TLS Hybrid ECC SHA384 2020 CA1;C=US, O=""CLOUDFLARE, INC."", CN=Cloudflare TLS Issuing ECC CA 1;C=US, O=DigiCert Inc, CN=DigiCert TLS RSA SHA256 2020 CA1;C=US, O=DigiCert Inc, CN=DigiCert Global G3 TLS ECC SHA384 2020 CA1;C=US, O=DigiCert Inc, CN=DigiCert Global G2 TLS RSA SHA256 2020 CA1"
tdl.autostat.fema.gov,Yes,Yes,1,1,2024-07-11T14:32:43,2025-07-22T14:32:42,13696692866,"C=US, O=""Entrust, Inc."", OU=See www.entrust.net/legal-terms, OU=""(c) 2012 Entrust, Inc. - for authorized use only"", CN=Entrust Certification Authority - L1K"
tdl.ba.fema.gov,No,Yes,2,1,2024-09-03T17:07:58,2025-09-15T17:07:57,14415525701;16781016325,"C=US, O=""Entrust, Inc."", OU=See www.entrust.net/legal-terms, OU=""(c) 2014 Entrust, Inc. - for authorized use only"", CN=Entrust Certification Authority - L1M"
tdl.egateway.fema.gov,Yes,Yes,7,2,2025-05-14T17:38:01,2025-10-10T18:01:04,18405420315;19618982613;19619035970;19619026639;18405430832;18405373325;19619081241,"C=US, O=""CLOUDFLARE, INC."", CN=Cloudflare TLS Issuing ECC CA 1;C=US, O=""CLOUDFLARE, INC."", CN=Cloudflare TLS Issuing RSA CA 1"
tdl.emilms.fema.gov,Yes,Yes,7,2,2025-05-14T17:48:06,2025-10-10T18:14:42,18405535104;19619258350;18405513299;18405532052;19619269085;19619215348;19619269809,"C=US, O=""CLOUDFLARE, INC."", CN=Cloudflare TLS Issuing ECC CA 1;C=US, O=""CLOUDFLARE, INC."", CN=Cloudflare TLS Issuing RSA CA 1"
tdl.eservices.fema.gov,Yes,Yes,5,3,2024-12-27T19:43:57,2026-01-02T11:01:12,18679428732;18679374891;18679437992;15908878845;16781949277,"C=US, O=SSL Corporation, CN=Entrust EV TLS Issuing RSA CA 1;C=US, O=""CLOUDFLARE, INC."", CN=Cloudflare TLS Issuing ECC CA 1;C=US, O=""CLOUDFLARE, INC."", CN=Cloudflare TLS Issuing RSA CA 1"
tdl.forms.fema.gov,Yes,Yes,2,1,2024-09-03T17:07:58,2025-09-15T17:07:57,14415525701;16781016325,"C=US, O=""Entrust, Inc."", OU=See www.entrust.net/legal-terms, OU=""(c) 2014 Entrust, Inc. - for authorized use only"", CN=Entrust Certification Authority - L1M"
tdl.gis.fema.gov,Yes,Yes,1,1,2024-11-08T13:25:12,2025-11-16T13:25:11,15265245187,"C=US, O=""Entrust, Inc."", OU=See www.entrust.net/legal-terms, OU=""(c) 2014 Entrust, Inc. - for authorized use only"", CN=Entrust Certification Authority - L1M"
tdl.integration.aws.fema.gov,Yes,Yes,41,6,2024-09-17T00:00:00,2025-11-19T23:59:59,17741834613;16589472439;17741840613;16654677980;16268552235;15741394831;15371975973;16852349389;19491237108;14585061053;18292266596;16204622861;16204668904;16371344381;17188137646;16856005947;16589454567;17905656913;19491230995;15445455678;16866188279;16654915276;17294337147;15371925208;15417560051;18537588821;15741384105;19491203129;18292256934;16965839946;16856004961;17188112153;19491223972;18523749370;18523738272;16654877847;16371356182;16852349200;15445448996;18292181573;16204633938,"C=US, O=""CLOUDFLARE, INC."", CN=Cloudflare TLS Issuing RSA CA 1;C=US, O=DigiCert Inc, CN=DigiCert TLS Hybrid ECC SHA384 2020 CA1;C=US, O=""CLOUDFLARE, INC."", CN=Cloudflare TLS Issuing ECC CA 1;C=US, O=DigiCert Inc, CN=DigiCert TLS RSA SHA256 2020 CA1;C=US, O=DigiCert Inc, CN=DigiCert Global G3 TLS ECC SHA384 2020 CA1;C=US, O=DigiCert Inc, CN=DigiCert Global G2 TLS RSA SHA256 2020 CA1"
tdl.integration.fema.gov,Yes,Yes,20,3,2024-11-16T00:00:00,2025-11-19T23:59:59,18406449561;18406421016;18406450299;16268552235;15741394831;15371975973;16204633938;16204622861;16204668904;16371344381;19620180521;15445455678;15371925208;15417560051;19620188137;19620164012;16371356182;15445448996;19620143278;15741384105,"C=US, O=""CLOUDFLARE, INC."", CN=Cloudflare TLS Issuing ECC CA 1;C=US, O=""CLOUDFLARE, INC."", CN=Cloudflare TLS Issuing RSA CA 1;C=US, O=DigiCert Inc, CN=DigiCert TLS RSA SHA256 2020 CA1"
tdl.isource.fema.gov,Yes,Yes,12,3,2024-12-27T19:43:57,2026-01-02T11:01:12,19620202172;15908916180;18406504573;19620264473;19620207967;18406500639;16782335937;15908878845;16781949277;18406526365;18406438569;19620157696,"C=US, O=SSL Corporation, CN=Entrust EV TLS Issuing RSA CA 1;C=US, O=""CLOUDFLARE, INC."", CN=Cloudflare TLS Issuing ECC CA 1;C=US, O=""CLOUDFLARE, INC."", CN=Cloudflare TLS Issuing RSA CA 1"
tdl.lpms.fema.gov,Yes,Yes,2,1,2025-04-30T00:00:00,2026-05-03T23:59:59,18148991453;18148991323,"C=CA, O=Entrust Limited, CN=Entrust EV TLS Issuing RSA CA 2"
tdl.lscms-auth.fema.gov,Yes,Yes,1,1,2025-04-30T00:00:00,2026-04-29T23:59:59,18151231252,"C=US, O=DigiCert Inc, CN=DigiCert Global G2 TLS RSA SHA256 2020 CA1"
tdl.lscms-ca.fema.gov,No,Yes,2,1,2025-04-14T00:00:00,2026-04-13T23:59:59,19516067037;17847416786,"C=US, O=DigiCert Inc, CN=DigiCert EV RSA CA G2"
tdl.lscms-disc.fema.gov,No,Yes,2,1,2025-04-14T00:00:00,2026-04-13T23:59:59,19516067037;17847416786,"C=US, O=DigiCert Inc, CN=DigiCert EV RSA CA G2"
tdl.lscms-mda.fema.gov,No,Yes,2,1,2025-04-14T00:00:00,2026-04-13T23:59:59,19516067037;17847416786,"C=US, O=DigiCert Inc, CN=DigiCert EV RSA CA G2"
tdl.lscms-mif.fema.gov,No,Yes,2,1,2025-04-14T00:00:00,2026-04-13T23:59:59,19516067037;17847416786,"C=US, O=DigiCert Inc, CN=DigiCert EV RSA CA G2"
tdl.lscms-sci.fema.gov,No,Yes,2,1,2025-04-14T00:00:00,2026-04-13T23:59:59,19516067037;17847416786,"C=US, O=DigiCert Inc, CN=DigiCert EV RSA CA G2"
tdl.lscms-wm.fema.gov,No,Yes,2,1,2025-04-14T00:00:00,2026-04-13T23:59:59,19516067037;17847416786,"C=US, O=DigiCert Inc, CN=DigiCert EV RSA CA G2"
tdl.lscms.fema.gov,Yes,Yes,2,1,2025-04-14T00:00:00,2026-04-13T23:59:59,19516067037;17847416786,"C=US, O=DigiCert Inc, CN=DigiCert EV RSA CA G2"
tdl.nfirs.fema.gov,Yes,Yes,5,3,2025-03-14T16:04:53,2026-03-23T12:56:46,17111855843;18679439640;18679437973;18679451660;18679426085,"C=US, O=SSL Corporation, CN=Entrust EV TLS Issuing RSA CA 1;C=US, O=""CLOUDFLARE, INC."", CN=Cloudflare TLS Issuing ECC CA 1;C=US, O=""CLOUDFLARE, INC."", CN=Cloudflare TLS Issuing RSA CA 1"
tdl.piv.fema.gov,Yes,Yes,2,1,2025-01-08T07:17:16,2026-01-16T14:08:35,16782581177;16087038475,"C=US, O=SSL Corporation, CN=Entrust EV TLS Issuing RSA CA 1"
tdl.regportal.fema.gov,Yes,Yes,3,3,2025-06-16T19:05:55,2025-09-30T10:08:49,19059201842;19059202312;19552308982,"C=US, O=Google Trust Services, CN=WR1;C=US, O=""CLOUDFLARE, INC."", CN=Cloudflare TLS Issuing RSA CA 1;C=US, O=Google Trust Services, CN=WE1"
tdl.ssp.fema.gov,Yes,Yes,7,2,2025-05-14T18:38:21,2025-10-10T19:00:19,18406263949;19619825505;18406250153;19619909955;18406271306;19619990590;19619895499,"C=US, O=""CLOUDFLARE, INC."", CN=Cloudflare TLS Issuing ECC CA 1;C=US, O=""CLOUDFLARE, INC."", CN=Cloudflare TLS Issuing RSA CA 1"
tdl.training.fema.gov,Yes,Yes,6,2,2025-05-14T18:08:08,2025-10-10T18:29:17,19619410681;18405830693;19619463777;18405814839;19619469904;18405833641,"C=US, O=""CLOUDFLARE, INC."", CN=Cloudflare TLS Issuing ECC CA 1;C=US, O=""CLOUDFLARE, INC."", CN=Cloudflare TLS Issuing RSA CA 1"
tdl.visit.fema.gov,Yes,Yes,9,3,2024-09-03T17:10:00,2025-10-10T19:17:14,14415544005;18406473707;19620182897;18406470027;16268459412;18406372483;19620139092;19620183974;19620160868,"C=US, O=""Entrust, Inc."", OU=See www.entrust.net/legal-terms, OU=""(c) 2014 Entrust, Inc. - for authorized use only"", CN=Entrust Certification Authority - L1M;C=US, O=""CLOUDFLARE, INC."", CN=Cloudflare TLS Issuing ECC CA 1;C=US, O=""CLOUDFLARE, INC."", CN=Cloudflare TLS Issuing RSA CA 1"
testint-m.fema.gov,No,Yes,10,3,2024-11-11T00:00:00,2025-11-11T23:59:59,15336325846;15336321777;15717099262;15717236524;15300243632;15336339577;16976231637;16975049970;15300190353;16976232321,"C=US, O=DigiCert Inc, CN=DigiCert Global G3 TLS ECC SHA384 2020 CA1;C=US, O=DigiCert Inc, CN=DigiCert TLS RSA SHA256 2020 CA1;C=US, O=DigiCert Inc, CN=DigiCert Global G2 TLS RSA SHA256 2020 CA1"
testint.fema.gov,No,Yes,4,2,2025-02-09T00:00:00,2026-02-11T23:59:59,18581707897;18580894723;16621718437;18580896916,"C=US, O=DigiCert Inc, OU=www.digicert.com, CN=GeoTrust TLS RSA CA G1;C=US, O=DigiCert Inc, OU=www.digicert.com, CN=GeoTrust RSA CA 2018"
tools.hazards.fema.gov,No,Yes,3,1,2024-09-09T00:00:00,2026-07-14T23:59:59,14490795757;19142531315;16781678486,"C=US, O=DigiCert Inc, CN=DigiCert EV RSA CA G2"
train-fact.fema.gov,Yes,Yes,3,1,2025-04-15T00:00:00,2026-04-14T23:59:59,17866095841;17866248843;17866512914,"C=US, O=DigiCert Inc, CN=DigiCert Global G2 TLS RSA SHA256 2020 CA1"
training.fema.gov,Yes,Yes,10,4,2025-04-30T01:08:16,2025-09-26T01:27:56,19299696661;18947342404;18135475536;18945771459;19299567546;18134885694;19299645126;18945772091;19299649201;18134923905,"C=US, O=Google Trust Services, CN=WR1;C=US, O=""CLOUDFLARE, INC."", CN=Cloudflare TLS Issuing ECC CA 1;C=US, O=""CLOUDFLARE, INC."", CN=Cloudflare TLS Issuing RSA CA 1;C=US, O=Google Trust Services, CN=WE1"
training.lpms.fema.gov,Yes,Yes,2,1,2025-04-30T00:00:00,2026-05-03T23:59:59,18148951603;18148951451,"C=CA, O=Entrust Limited, CN=Entrust EV TLS Issuing RSA CA 2"
uat-cfas.msc.fema.gov,No,Yes,2,1,2025-06-03T00:00:00,2026-06-16T23:59:59,18789885031;19530380194,"C=US, O=DigiCert Inc, CN=DigiCert EV RSA CA G2"
uat-ep.msc.fema.gov,No,Yes,2,1,2025-06-03T00:00:00,2026-06-16T23:59:59,18789885031;19530380194,"C=US, O=DigiCert Inc, CN=DigiCert EV RSA CA G2"
uat-filetrail.msc.fema.gov,No,Yes,2,1,2025-06-03T00:00:00,2026-06-16T23:59:59,18789885031;19530380194,"C=US, O=DigiCert Inc, CN=DigiCert EV RSA CA G2"
uat-floodmaps.msc.fema.gov,No,Yes,2,1,2025-06-03T00:00:00,2026-06-16T23:59:59,18789885031;19530380194,"C=US, O=DigiCert Inc, CN=DigiCert EV RSA CA G2"
uat-hazards.msc.fema.gov,Yes,Yes,2,1,2025-06-03T00:00:00,2026-06-16T23:59:59,18789676358;19518676377,"C=US, O=DigiCert Inc, CN=DigiCert EV RSA CA G2"
uat-hazus-support.msc.fema.gov,No,Yes,2,1,2025-06-03T00:00:00,2026-06-16T23:59:59,18789885031;19530380194,"C=US, O=DigiCert Inc, CN=DigiCert EV RSA CA G2"
uat-mapview.msc.fema.gov,Yes,Yes,2,1,2025-06-03T00:00:00,2026-06-16T23:59:59,18789885031;19530380194,"C=US, O=DigiCert Inc, CN=DigiCert EV RSA CA G2"
uat-msc.msc.fema.gov,Yes,Yes,2,1,2025-06-03T00:00:00,2026-06-16T23:59:59,19517946401;18789890405,"C=US, O=DigiCert Inc, CN=DigiCert EV RSA CA G2"
uat-p4.msc.fema.gov,No,Yes,2,1,2025-06-03T00:00:00,2026-06-16T23:59:59,18789885031;19530380194,"C=US, O=DigiCert Inc, CN=DigiCert EV RSA CA G2"
uat-rmd.msc.fema.gov,No,Yes,2,1,2025-06-03T00:00:00,2026-06-16T23:59:59,18789885031;19530380194,"C=US, O=DigiCert Inc, CN=DigiCert EV RSA CA G2"
uat-tools.msc.fema.gov,No,Yes,2,1,2025-06-03T00:00:00,2026-06-16T23:59:59,18789885031;19530380194,"C=US, O=DigiCert Inc, CN=DigiCert EV RSA CA G2"
ucort-pivot-beta.fema.gov,No,Yes,6,4,2024-08-13T11:29:13,2025-08-30T11:29:12,17889003615;14125657758;16477941031;14118354624;17888819557;14125696300,"C=US, O=""Entrust, Inc."", OU=See www.entrust.net/legal-terms, OU=""(c) 2014 Entrust, Inc. - for authorized use only"", CN=Entrust Certification Authority - L1M;C=US, O=DigiCert Inc, CN=DigiCert Global G3 TLS ECC SHA384 2020 CA1;C=US, O=DigiCert Inc, CN=DigiCert TLS RSA SHA256 2020 CA1;C=US, O=DigiCert Inc, CN=DigiCert Global G2 TLS RSA SHA256 2020 CA1"
ucort-pivot-pentest.fema.gov,No,Yes,1,1,2024-09-19T19:06:51,2025-09-20T19:06:50,14610170747,"C=US, O=""Entrust, Inc."", OU=See www.entrust.net/legal-terms, OU=""(c) 2014 Entrust, Inc. - for authorized use only"", CN=Entrust Certification Authority - L1M"
ucort-pivot.fema.gov,No,Yes,7,4,2024-08-12T18:52:09,2025-08-30T18:52:08,17889003615;14125657758;14108832728;16477941031;17888819557;14125696300;16780553069,"C=US, O=""Entrust, Inc."", OU=See www.entrust.net/legal-terms, OU=""(c) 2014 Entrust, Inc. - for authorized use only"", CN=Entrust Certification Authority - L1M;C=US, O=DigiCert Inc, CN=DigiCert Global G3 TLS ECC SHA384 2020 CA1;C=US, O=DigiCert Inc, CN=DigiCert TLS RSA SHA256 2020 CA1;C=US, O=DigiCert Inc, CN=DigiCert Global G2 TLS RSA SHA256 2020 CA1"
usfa.fema.gov,No,Yes,7,2,2024-12-16T00:00:00,2025-12-16T23:59:59,16948093744;15777114380;18131175742;16447162557;16372344516;16372339379;18208856290,"C=US, O=DigiCert Inc, OU=www.digicert.com, CN=GeoTrust TLS RSA CA G1;C=US, O=DigiCert Inc, OU=www.digicert.com, CN=GeoTrust RSA CA 2018"
vid.fema.gov,Yes,Yes,1,1,2024-11-29T16:05:31,2025-12-15T14:23:48,15549672859,"C=US, O=SSL Corporation, CN=Entrust OV TLS Issuing RSA CA 1"
visit.fema.gov,Yes,Yes,12,5,2025-02-21T18:53:20,2026-02-26T11:55:07,18135335108;18946230563;19299466548;18134656234;18134629047;17406251220;18945843894;16784747731;19299462283;19299808591;18945843008;19299441568,"C=US, O=""CLOUDFLARE, INC."", CN=Cloudflare TLS Issuing RSA CA 1;C=US, O=Google Trust Services, CN=WR1;C=US, O=""CLOUDFLARE, INC."", CN=Cloudflare TLS Issuing ECC CA 1;C=US, O=Google Trust Services, CN=WE1;C=US, O=SSL Corporation, CN=Entrust EV TLS Issuing RSA CA 1"
vsr.fema.gov,Yes,Yes,2,1,2024-09-19T12:06:20,2025-09-19T12:06:19,16781627610;14606733578,"C=US, O=""Entrust, Inc."", OU=See www.entrust.net/legal-terms, OU=""(c) 2014 Entrust, Inc. - for authorized use only"", CN=Entrust Certification Authority - L1M"
webteamtraining.fema.gov,No,Yes,2,1,2024-12-23T00:00:00,2025-12-24T23:59:59,15867620495;17561200268,"C=US, O=DigiCert Inc, OU=www.digicert.com, CN=GeoTrust RSA CA 2018"
www.apps.usfa.fema.gov,No,Yes,2,1,2024-08-29T00:00:00,2025-08-29T23:59:59,14350281279;14350281536,"C=GB, ST=Greater Manchester, L=Salford, O=Sectigo Limited, CN=Sectigo RSA Extended Validation Secure Server CA"
www.dhs.gov,Yes,No,7,2,2024-12-16T00:00:00,2025-12-16T23:59:59,16948093744;15777114380;18131175742;16447162557;16372344516;16372339379;18208856290,"C=US, O=DigiCert Inc, OU=www.digicert.com, CN=GeoTrust TLS RSA CA G1;C=US, O=DigiCert Inc, OU=www.digicert.com, CN=GeoTrust RSA CA 2018"
www.fema.gov,No,Yes,7,2,2024-12-16T00:00:00,2025-12-16T23:59:59,16948093744;15777114380;18131175742;16447162557;16372344516;16372339379;18208856290,"C=US, O=DigiCert Inc, OU=www.digicert.com, CN=GeoTrust TLS RSA CA G1;C=US, O=DigiCert Inc, OU=www.digicert.com, CN=GeoTrust RSA CA 2018"
www.floodmaps.fema.gov,Yes,Yes,3,1,2025-04-14T00:00:00,2026-07-14T23:59:59,17845053143;19516142166;19142531315,"C=US, O=DigiCert Inc, CN=DigiCert EV RSA CA G2"
www.homelandsecurity.gov,Yes,No,47,4,2024-11-16T00:00:00,2025-11-19T23:59:59,17741834613;16589472439;19267911919;17741840613;19396167678;19205009027;16654677980;16268552235;15741394831;15371975973;16852349389;18678674388;16204622861;19074943444;16371344381;16204668904;18678644473;17188137646;16856005947;16589454567;19103669163;17905656913;15445455678;16866188279;16654915276;19517907329;19103654629;17294337147;15371925208;15417560051;18772425302;18537588821;15741384105;18943027988;18943019227;16965839946;16856004961;19205045933;17188112153;18523749370;16654877847;18523738272;16371356182;16852349200;15445448996;19396152796;16204633938,"C=US, O=DigiCert Inc, CN=DigiCert TLS Hybrid ECC SHA384 2020 CA1;C=US, O=DigiCert Inc, CN=DigiCert Global G3 TLS ECC SHA384 2020 CA1;C=US, O=DigiCert Inc, CN=DigiCert TLS RSA SHA256 2020 CA1;C=US, O=DigiCert Inc, CN=DigiCert Global G2 TLS RSA SHA256 2020 CA1"
www.ipaws.community.fema.gov,Yes,Yes,2,1,2025-05-09T00:00:00,2026-05-15T23:59:59,18311796179;18311796090,"C=CA, O=Entrust Limited, CN=Entrust EV TLS Issuing RSA CA 2"
www.nfipdirect.fema.gov,No,Yes,3,1,2024-09-16T19:33:39,2025-09-20T19:33:37,16780697779;14585107802;14575043227,"C=US, O=""Entrust, Inc."", OU=See www.entrust.net/legal-terms, OU=""(c) 2014 Entrust, Inc. - for authorized use only"", CN=Entrust Certification Authority - L1M"
www.nfirs.fema.gov,No,Yes,5,3,2025-03-14T16:01:22,2026-03-22T12:58:01,17111812025;18962092744;18962111983;17275059993;18962081318,"C=US, O=SSL Corporation, CN=Entrust EV TLS Issuing RSA CA 1;C=US, O=""CLOUDFLARE, INC."", CN=Cloudflare TLS Issuing ECC CA 1;C=US, O=""CLOUDFLARE, INC."", CN=Cloudflare TLS Issuing RSA CA 1"
www.preptoolkit.fema.gov,No,Yes,2,1,2024-09-30T00:00:00,2025-10-21T23:59:59,16781587050;14747497486,"C=US, O=DigiCert Inc, CN=GeoTrust EV RSA CA G2"
www.recovery.fema.gov,No,Yes,7,2,2024-12-16T00:00:00,2025-12-16T23:59:59,16948093744;15777114380;18131175742;16447162557;16372344516;16372339379;18208856290,"C=US, O=DigiCert Inc, OU=www.digicert.com, CN=GeoTrust TLS RSA CA G1;C=US, O=DigiCert Inc, OU=www.digicert.com, CN=GeoTrust RSA CA 2018"
www.usfa.fema.gov,No,Yes,7,2,2024-12-16T00:00:00,2025-12-16T23:59:59,16948093744;15777114380;18131175742;16447162557;16372344516;16372339379;18208856290,"C=US, O=DigiCert Inc, OU=www.digicert.com, CN=GeoTrust TLS RSA CA G1;C=US, O=DigiCert Inc, OU=www.digicert.com, CN=GeoTrust RSA CA 2018"
www3.dhs.gov,Yes,No,12,2,2025-04-09T00:00:00,2026-04-09T23:59:59,18499335844;17982938845;19250178429;18499345217;17739982718;17740041308;19103922344;17982940211;19103922592;17982930156;18499340096;18789272541,"C=US, O=DigiCert Inc, CN=DigiCert Global G3 TLS ECC SHA384 2020 CA1;C=US, O=DigiCert Inc, CN=DigiCert Global G2 TLS RSA SHA256 2020 CA1"
www3.usda.gov,Yes,No,5,3,2024-08-14T00:00:00,2025-08-14T23:59:59,17889003615;14125657758;16477941031;17888819557;14125696300,"C=US, O=DigiCert Inc, CN=DigiCert Global G3 TLS ECC SHA384 2020 CA1;C=US, O=DigiCert Inc, CN=DigiCert TLS RSA SHA256 2020 CA1;C=US, O=DigiCert Inc, CN=DigiCert Global G2 TLS RSA SHA256 2020 CA1"
www4.dhs.gov,Yes,No,15,3,2024-08-13T00:00:00,2026-06-16T23:59:59,14151373639;19062555136;14123973885;14124114320;19103758157;17605944918;14123973886;19103777205;17605302254;14151361571;19245435572;19062508737;14707748631;17627970120;19103765042,"C=US, O=DigiCert Inc, CN=DigiCert Global G3 TLS ECC SHA384 2020 CA1;C=US, O=DigiCert Inc, CN=DigiCert TLS RSA SHA256 2020 CA1;C=US, O=DigiCert Inc, CN=DigiCert Global G2 TLS RSA SHA256 2020 CA1"
