timestamp,extract_regex,cdn_name,cdn_type,sni,port,url,input,location,title,scheme,error,webserver,body_preview,content_type,method,host,path,favicon,favicon_md5,favicon_path,favicon_url,final_url,time,jarm_hash,chain_status_codes,a,aaaa,cname,tech,words,lines,status_code,content_length,failed,vhost,websocket,cdn,http2,pipeline,headless_body,screenshot_bytes,stored_response_path,screenshot_path,screenshot_path_rel,resolvers,body_fqdn,body_domains
2025-09-24T12:04:14.982208846Z,null,,,,443,https://edit-beta.tsa.gov,edit-beta.tsa.gov,,Access Denied,https,,AkamaiGHost,,text/html,GET,23.56.120.26,/,,,,,,49.044668ms,,null,"[""23.56.120.26""]","[""2600:1406:2e00:98d::2325"",""2600:1406:2e00:986::2325""]","[""edit-beta.tsa.gov.edgekey.net"",""e8997.dsca.akamaiedge.net""]","[""HSTS""]",13,10,403,375,false,false,false,false,false,false,,null,,,,"[""8.8.4.4:53"",""1.1.1.1:53""]",null,null
2025-09-24T12:04:14.982838131Z,null,,,,443,https://edit-preview.tsa.gov,edit-preview.tsa.gov,,Access Denied,https,,AkamaiGHost,,text/html,GET,23.56.120.26,/,,,,,,49.837007ms,,null,"[""23.56.120.26""]","[""2600:1406:2e00:98d::2325"",""2600:1406:2e00:986::2325""]","[""edit-preview.tsa.gov.edgekey.net"",""e8997.dsca.akamaiedge.net""]","[""HSTS""]",13,10,403,378,false,false,false,false,false,false,,null,,,,"[""1.0.0.1:53"",""8.8.8.8:53""]",null,null
2025-09-24T12:04:14.983430117Z,null,,,,443,https://edit.tsa.gov,edit.tsa.gov,,Access Denied,https,,AkamaiGHost,,text/html,GET,23.38.238.174,/,,,,,,51.055092ms,,null,"[""23.38.238.174""]","[""2600:1406:2e00:987::1b63"",""2600:1406:2e00:98a::1b63""]","[""edit.tsa.gov.edgekey.net"",""e7011.dsca.akamaiedge.net""]","[""HSTS""]",13,10,403,366,false,false,false,false,false,false,,null,,,,"[""8.8.4.4:53"",""1.1.1.1:53""]",null,null
2025-09-24T12:04:14.985999193Z,null,,,,443,https://edit-testint-preview.mobile.tsa.gov,edit-testint-preview.mobile.tsa.gov,,Access Denied,https,,AkamaiGHost,,text/html,GET,104.98.223.107,/,,,,,,54.591315ms,,null,"[""104.98.223.107""]","[""2600:1406:40:380::2325"",""2600:1406:40:385::2325""]","[""edit-testint-preview.mobile.tsa.gov.edgekey-staging.net"",""e8997.dsca.akamaiedge-staging.net""]","[""HSTS""]",13,10,403,395,false,false,false,false,false,false,,null,,,,"[""8.8.8.8:53"",""8.8.4.4:53""]",null,null
2025-09-24T12:04:14.986738264Z,null,,,,443,https://edit-testint-mobile.tsa.gov,edit-testint-mobile.tsa.gov,,Access Denied,https,,AkamaiGHost,,text/html,GET,104.98.223.107,/,,,,,,54.457286ms,,null,"[""104.98.223.107""]","[""2600:1406:40:385::2325"",""2600:1406:40:380::2325""]","[""edit-testint-mobile.tsa.gov.edgekey-staging.net"",""e8997.dsca.akamaiedge-staging.net""]","[""HSTS""]",13,10,403,383,false,false,false,false,false,false,,null,,,,"[""127.0.0.53:53"",""8.8.8.8:53""]",null,null
2025-09-24T12:04:14.992721254Z,null,,,,443,https://edit-preview.mobile.tsa.gov,edit-preview.mobile.tsa.gov,,Access Denied,https,,AkamaiGHost,,text/html,GET,23.38.238.174,/,,,,,,60.557721ms,,null,"[""23.38.238.174""]","[""2600:1406:2e00:987::1b63"",""2600:1406:2e00:98a::1b63""]","[""edit-preview.mobile.tsa.gov.edgekey.net"",""e7011.dsca.akamaiedge.net""]","[""HSTS""]",13,10,403,389,false,false,false,false,false,false,,null,,,,"[""8.8.4.4:53"",""8.8.8.8:53""]",null,null
2025-09-24T12:04:14.993130715Z,null,,,,443,https://edit.staging.tsa.gov,edit.staging.tsa.gov,,Access Denied,https,,AkamaiGHost,,text/html,GET,104.98.215.194,/,,,,,,61.126985ms,,null,"[""104.98.215.194""]","[""2600:1406:40:380::1b63"",""2600:1406:40:385::1b63""]","[""edit.staging.tsa.gov.edgekey-staging.net"",""e7011.dsca.akamaiedge-staging.net""]","[""HSTS""]",13,10,403,376,false,false,false,false,false,false,,null,,,,"[""8.8.8.8:53"",""1.0.0.1:53""]",null,null
2025-09-24T12:04:14.995529507Z,null,,,,443,https://edit-beta-testint.tsa.gov,edit-beta-testint.tsa.gov,,Access Denied,https,,AkamaiGHost,,text/html,GET,104.98.223.107,/,,,,,,64.708297ms,,null,"[""104.98.223.107""]","[""2600:1406:40:380::2325"",""2600:1406:40:385::2325""]","[""edit-beta-testint.tsa.gov.edgekey-staging.net"",""e8997.dsca.akamaiedge-staging.net""]","[""HSTS""]",13,10,403,381,false,false,false,false,false,false,,null,,,,"[""1.0.0.1:53"",""8.8.8.8:53""]",null,null
2025-09-24T12:04:14.995816587Z,null,,,,443,https://edit-beta-staging.tsa.gov,edit-beta-staging.tsa.gov,,Access Denied,https,,AkamaiGHost,,text/html,GET,104.98.223.107,/,,,,,,63.804047ms,,null,"[""104.98.223.107""]","[""2600:1406:40:385::2325"",""2600:1406:40:380::2325""]","[""edit-beta-staging.tsa.gov.edgekey-staging.net"",""e8997.dsca.akamaiedge-staging.net""]","[""HSTS""]",13,10,403,381,false,false,false,false,false,false,,null,,,,"[""1.1.1.1:53"",""8.8.8.8:53""]",null,null
2025-09-24T12:04:14.999061312Z,null,,,,443,https://preview.tsa.gov,preview.tsa.gov,,Access Denied,https,,AkamaiGHost,,text/html,GET,23.38.239.242,/,,,,,,67.547607ms,,null,"[""23.38.239.242""]","[""2600:1406:2e00:98c::1cc7"",""2600:1406:2e00:987::1cc7""]","[""preview.tsa.gov.edgekey.net"",""e7367.dsca.akamaiedge.net""]","[""HSTS""]",13,10,403,369,false,false,false,false,false,false,,null,,,,"[""1.1.1.1:53""]",null,null
2025-09-24T12:04:15.000439785Z,null,,,,443,https://edit-staging-mobile.tsa.gov,edit-staging-mobile.tsa.gov,,Access Denied,https,,AkamaiGHost,,text/html,GET,104.98.223.107,/,,,,,,68.676416ms,,null,"[""104.98.223.107""]","[""2600:1406:40:380::2325"",""2600:1406:40:385::2325""]","[""edit-staging-mobile.tsa.gov.edgekey-staging.net"",""e8997.dsca.akamaiedge-staging.net""]","[""HSTS""]",13,10,403,383,false,false,false,false,false,false,,null,,,,"[""1.1.1.1:53"",""8.8.4.4:53""]",null,null
2025-09-24T12:04:15.002905526Z,null,,,,443,https://blog.tsa.gov,blog.tsa.gov,https://www.tsa.gov/blog,,https,,AkamaiGHost,,,GET,23.38.235.194,/,,,,,,73.364252ms,,null,"[""23.38.235.194""]","[""2600:1406:2e00:98b::1955"",""2600:1406:2e00:983::1955""]","[""blog.tsa.gov.edgekey.net"",""e6485.dsca.akamaiedge.net""]","[""HSTS""]",0,0,301,0,false,false,false,false,false,false,,null,,,,"[""127.0.0.53:53""]",null,null
2025-09-24T12:04:15.003552564Z,null,,,,443,https://preview.dhs.gov,preview.dhs.gov,https://www.dhs.gov/,,https,,AkamaiGHost,,,GET,23.38.239.242,/,,,,,,73.541903ms,,null,"[""23.38.239.242""]","[""2600:1406:2e00:98c::1cc7"",""2600:1406:2e00:987::1cc7""]","[""preview.dhs.gov.edgekey.net"",""e7367.dsca.akamaiedge.net""]","[""HSTS""]",0,0,301,0,false,false,false,false,false,false,,null,,,,"[""8.8.4.4:53"",""1.0.0.1:53""]",null,null
2025-09-24T12:04:15.006047754Z,null,,,,443,https://edit-wcms-testint.dhs.gov,edit-wcms-testint.dhs.gov,,Access Denied,https,,AkamaiGHost,,text/html,GET,104.98.223.107,/,,,,,,75.292111ms,,null,"[""104.98.223.107""]","[""2600:1406:40:385::2325"",""2600:1406:40:380::2325""]","[""edit-wcms-testint.dhs.gov.edgekey-staging.net"",""e8997.dsca.akamaiedge-staging.net""]","[""HSTS"",""HTTP/3""]",13,10,403,381,false,false,false,false,false,false,,null,,,,"[""8.8.4.4:53"",""8.8.8.8:53""]",null,null
2025-09-24T12:04:15.00647749Z,null,,,,443,https://preview.mobile.tsa.gov,preview.mobile.tsa.gov,,Access Denied,https,,AkamaiGHost,,text/html,GET,23.214.101.169,/,,,,,,74.703218ms,,null,"[""23.214.101.169""]","[""2600:1406:2e00:983::1955"",""2600:1406:2e00:98b::1955""]","[""preview.mobile.tsa.gov.edgekey.net"",""e6485.dsca.akamaiedge.net""]","[""HSTS""]",13,10,403,380,false,false,false,false,false,false,,null,,,,"[""1.1.1.1:53"",""127.0.0.53:53""]",null,null
2025-09-24T12:04:15.01078716Z,null,,,,443,https://edit-staging-preview.mobile.tsa.gov,edit-staging-preview.mobile.tsa.gov,,Access Denied,https,,AkamaiGHost,,text/html,GET,104.98.223.107,/,,,,,,79.954698ms,,null,"[""104.98.223.107""]","[""2600:1406:40:385::2325"",""2600:1406:40:380::2325""]","[""edit-staging-preview.mobile.tsa.gov.edgekey-staging.net"",""e8997.dsca.akamaiedge-staging.net""]","[""HSTS""]",13,10,403,395,false,false,false,false,false,false,,null,,,,"[""1.0.0.1:53"",""1.1.1.1:53""]",null,null
2025-09-24T12:04:15.011887655Z,null,,,,443,https://edit-mobile.tsa.gov,edit-mobile.tsa.gov,,Access Denied,https,,AkamaiGHost,,text/html,GET,184.84.195.104,/,,,,,,79.827476ms,,null,"[""184.84.195.104""]","[""2600:1406:2e00:98d::2325"",""2600:1406:2e00:986::2325""]","[""edit-mobile.tsa.gov.edgekey.net"",""e8997.dsca.akamaiedge.net""]","[""HSTS""]",13,10,403,377,false,false,false,false,false,false,,null,,,,"[""1.0.0.1:53""]",null,null
2025-09-24T12:04:15.033013627Z,null,,,,443,https://testint-mobile.tsa.gov,testint-mobile.tsa.gov,,Access Denied,https,,AkamaiGHost,,text/html,GET,104.98.223.107,/,,,,,,101.76746ms,,null,"[""104.98.223.107""]","[""2600:1406:40:380::2325"",""2600:1406:40:385::2325""]","[""testint-mobile.tsa.gov.edgekey-staging.net"",""e8997.dsca.akamaiedge-staging.net""]","[""HSTS""]",13,10,403,374,false,false,false,false,false,false,,null,,,,"[""1.0.0.1:53""]",null,null
2025-09-24T12:04:15.040854383Z,null,,,,443,https://staging-preview.mobile.tsa.gov,staging-preview.mobile.tsa.gov,,Access Denied,https,,AkamaiGHost,,text/html,GET,104.98.223.107,/,,,,,,109.498141ms,,null,"[""104.98.223.107""]","[""2600:1406:40:380::2325"",""2600:1406:40:385::2325""]","[""staging-preview.mobile.tsa.gov.edgekey-staging.net"",""e8997.dsca.akamaiedge-staging.net""]","[""HSTS""]",13,10,403,386,false,false,false,false,false,false,,null,,,,"[""1.0.0.1:53"",""8.8.4.4:53""]",null,null
2025-09-24T12:04:15.047322629Z,null,,,,443,https://tsa.gov,tsa.gov,https://www.tsa.gov/,,https,,AkamaiGHost,,,GET,69.192.45.168,/,,,,,,117.67521ms,,null,"[""69.192.45.168""]","[""2600:1406:3a00:187::447a"",""2600:1406:3a00:18a::447a""]",null,"[""HSTS""]",0,0,301,0,false,false,false,false,false,false,,null,,,,"[""8.8.8.8:53"",""1.1.1.1:53""]",null,null
2025-09-24T12:04:15.048644825Z,null,,,,443,https://edit.staging1.dhs.gov,edit.staging1.dhs.gov,,Access Denied,https,,AkamaiGHost,,text/html,GET,104.98.215.194,/,,,,,,117.276665ms,,null,"[""104.98.215.194""]","[""2600:1406:40:380::1b63"",""2600:1406:40:385::1b63""]","[""edit.staging1.dhs.gov.edgekey-staging.net"",""e7011.dsca.akamaiedge-staging.net""]","[""HSTS""]",13,10,403,377,false,false,false,false,false,false,,null,,,,"[""8.8.4.4:53"",""127.0.0.53:53""]",null,null
2025-09-24T12:04:15.07542553Z,null,,,,443,https://staging.tsa.gov,staging.tsa.gov,,Access Denied,https,,AkamaiGHost,,text/html,GET,104.98.223.107,/,,,,,,143.059585ms,,null,"[""104.98.223.107""]","[""2600:1406:40:380::2325"",""2600:1406:40:385::2325""]","[""staging.tsa.gov.edgekey-staging.net"",""e8997.dsca.akamaiedge-staging.net""]","[""HSTS""]",13,10,403,363,false,false,false,false,false,false,,null,,,,"[""8.8.4.4:53"",""1.0.0.1:53""]",null,null
2025-09-24T12:04:15.080872724Z,null,,,,443,https://beta-testint.tsa.gov,beta-testint.tsa.gov,,Access Denied,https,,AkamaiGHost,,text/html,GET,104.98.223.107,/,,,,,,149.355915ms,,null,"[""104.98.223.107""]","[""2600:1406:40:380::2325"",""2600:1406:40:385::2325""]","[""beta-testint.tsa.gov.edgekey-staging.net"",""e8997.dsca.akamaiedge-staging.net""]","[""HSTS""]",13,10,403,372,false,false,false,false,false,false,,null,,,,"[""1.1.1.1:53"",""127.0.0.53:53""]",null,null
2025-09-24T12:04:15.084781046Z,null,,,,443,https://testing.tsa.gov,testing.tsa.gov,,Access Denied,https,,AkamaiGHost,,text/html,GET,104.98.223.107,/,,,,,,152.545695ms,,null,"[""104.98.223.107""]","[""2600:1406:40:385::2325"",""2600:1406:40:380::2325""]","[""testing.tsa.gov.edgekey-staging.net"",""e8997.dsca.akamaiedge-staging.net""]","[""HSTS""]",13,10,403,363,false,false,false,false,false,false,,null,,,,"[""1.1.1.1:53"",""127.0.0.53:53""]",null,null
2025-09-24T12:04:15.085560642Z,null,,,,443,https://testint-preview.mobile.tsa.gov,testint-preview.mobile.tsa.gov,,Access Denied,https,,AkamaiGHost,,text/html,GET,104.98.223.107,/,,,,,,153.400091ms,,null,"[""104.98.223.107""]","[""2600:1406:40:385::2325"",""2600:1406:40:380::2325""]","[""testint-preview.mobile.tsa.gov.edgekey-staging.net"",""e8997.dsca.akamaiedge-staging.net""]","[""HSTS""]",13,10,403,386,false,false,false,false,false,false,,null,,,,"[""1.1.1.1:53"",""8.8.4.4:53""]",null,null
2025-09-24T12:04:15.114611182Z,null,,,,443,https://beta-staging.tsa.gov,beta-staging.tsa.gov,,Access Denied,https,,AkamaiGHost,,text/html,GET,104.98.223.107,/,,,,,,182.793658ms,,null,"[""104.98.223.107""]","[""2600:1406:40:385::2325"",""2600:1406:40:380::2325""]","[""beta-staging.tsa.gov.edgekey-staging.net"",""e8997.dsca.akamaiedge-staging.net""]","[""HSTS""]",13,10,403,372,false,false,false,false,false,false,,null,,,,"[""127.0.0.53:53"",""8.8.4.4:53""]",null,null
2025-09-24T12:04:15.301559845Z,null,,,,443,https://beta.tsa.gov,beta.tsa.gov,,The Platform is Currently Unavailable,https,,Apache,,text/html,GET,23.38.239.242,/,,,,,,366.005022ms,,null,"[""23.38.239.242""]","[""2600:1406:2e00:987::1cc7"",""2600:1406:2e00:98c::1cc7""]","[""beta.tsa.gov.edgekey.net"",""e7367.dsca.akamaiedge.net""]","[""Apache HTTP Server"",""HSTS""]",64,12,200,605,false,false,false,false,false,false,,null,,,,"[""1.0.0.1:53"",""8.8.4.4:53""]",null,null
2025-09-24T12:04:15.317863272Z,null,,,,443,https://edit.testing.tsa.gov,edit.testing.tsa.gov,,Access Denied,https,,AkamaiGHost,,text/html,GET,104.98.215.194,/,,,,,,386.110466ms,,null,"[""104.98.215.194""]","[""2600:1406:40:380::1b63"",""2600:1406:40:385::1b63""]","[""edit.testing.tsa.gov.edgekey-staging.net"",""e7011.dsca.akamaiedge-staging.net""]","[""HSTS""]",13,10,403,376,false,false,false,false,false,false,,null,,,,"[""127.0.0.53:53"",""1.1.1.1:53""]",null,null
2025-09-24T12:04:15.397429643Z,null,,,,443,https://staging-mobile.tsa.gov,staging-mobile.tsa.gov,,Access Denied,https,,AkamaiGHost,,text/html,GET,104.98.223.107,/,,,,,,465.517615ms,,null,"[""104.98.223.107""]","[""2600:1406:40:385::2325"",""2600:1406:40:380::2325""]","[""staging-mobile.tsa.gov.edgekey-staging.net"",""e8997.dsca.akamaiedge-staging.net""]","[""HSTS""]",13,10,403,374,false,false,false,false,false,false,,null,,,,"[""127.0.0.53:53"",""1.0.0.1:53""]",null,null
2025-09-24T12:04:15.476469796Z,null,,,,443,https://www.tsa.gov,www.tsa.gov,,Home | Transportation Security Administration,https,,Apache,,text/html,GET,23.38.235.194,/,,,,,,84.873722ms,,null,"[""23.38.235.194""]","[""2600:1406:2e00:983::1955"",""2600:1406:2e00:98b::1955""]","[""www.tsa.gov.edgekey.net"",""e6485.dsca.akamaiedge.net""]","[""Apache HTTP Server"",""Drupal:11"",""Font Awesome"",""Google Tag Manager"",""HSTS"",""PHP""]",27737,2368,200,84918,false,false,false,false,false,false,,null,,,,"[""1.0.0.1:53""]",null,null
2025-09-24T12:04:15.652538317Z,null,,,,443,https://mobile.tsa.gov,mobile.tsa.gov,,Access denied | TSA News,https,,Apache,,text/html,GET,23.214.101.169,/,,,,,,668.204328ms,,null,"[""23.214.101.169""]","[""2600:1406:2e00:98b::1955"",""2600:1406:2e00:983::1955""]","[""mobile.tsa.gov.edgekey.net"",""e6485.dsca.akamaiedge.net""]","[""Apache HTTP Server"",""Drupal:11"",""HSTS"",""PHP""]",1589,233,403,9298,false,false,false,false,false,false,,null,,,,"[""1.0.0.1:53"",""8.8.4.4:53""]",null,null
2025-09-24T12:04:15.723655232Z,null,,,,443,https://www.dhs.gov,www.dhs.gov,,Home | Homeland Security,https,,Apache,,text/html,GET,23.214.101.169,/,,,,,,38.170593ms,,null,"[""23.214.101.169""]","[""2600:1406:2e00:98b::1955"",""2600:1406:2e00:983::1955""]","[""www.dhs.gov.edgekey.net"",""e6485.dsca.akamaiedge.net""]","[""Akamai"",""Apache HTTP Server"",""Drupal:11"",""Google Tag Manager"",""HSTS"",""PHP"",""Siteimprove"",""Slick"",""USWDS"",""jQuery"",""jQuery UI"",""jsDelivr""]",31307,2249,200,104532,false,false,false,false,false,false,,null,,,,"[""1.1.1.1:53"",""8.8.8.8:53""]",null,null
