timestamp,link_request,extract_regex,cdn_name,cdn_type,sni,port,url,input,location,title,scheme,error,webserver,body_preview,content_type,method,host,path,favicon,favicon_md5,favicon_path,favicon_url,final_url,time,jarm_hash,chain_status_codes,a,aaaa,cname,tech,words,lines,status_code,content_length,failed,vhost,websocket,cdn,http2,pipeline,headless_body,screenshot_bytes,stored_response_path,screenshot_path,screenshot_path_rel,resolvers,body_fqdn,body_domains
2025-11-29T12:07:39.363343776Z,null,null,,,,443,https://edit.dhs.gov,edit.dhs.gov,https://www.dhs.gov/,,https,,AkamaiGHost,,,GET,23.10.210.43,/,,,,,,61.828466ms,,null,"[""23.10.210.43""]","[""2600:1407:3c00:158e::157e"",""2600:1407:3c00:1589::157e""]","[""edit.dhs.gov.edgekey.net"",""e5502.dsca.akamaiedge.net""]","[""HSTS""]",0,0,302,0,false,false,false,false,false,false,,null,,,,"[""127.0.0.53:53"",""1.0.0.1:53""]",null,null
2025-11-29T12:07:39.377830973Z,null,null,cloudflare,waf,,80,http://conversations.mec.fema.gov,conversations.mec.fema.gov,https://conversations.mec.fema.gov/,,http,,cloudflare,,,GET,172.65.90.24,/,,,,,,17.83568ms,,null,"[""172.65.90.25"",""172.65.90.26"",""172.65.90.27"",""172.65.90.24""]","[""2606:4700:78::90:0:183"",""2606:4700:78::90:0:181"",""2606:4700:78::90:0:180"",""2606:4700:78::90:0:182""]",null,"[""Cloudflare"",""Cloudflare Bot Management""]",0,0,301,0,false,false,false,true,false,false,,null,,,,"[""8.8.4.4:53"",""1.1.1.1:53""]",null,null
2025-11-29T12:07:39.37880245Z,null,null,,,,443,https://edit-m.fema.gov,edit-m.fema.gov,,Access Denied,https,,AkamaiGHost,,text/html,GET,23.10.210.43,/,,,,,,75.807055ms,,null,"[""23.10.210.43""]","[""2600:1407:3c00:158e::157e"",""2600:1407:3c00:1589::157e""]","[""edit-m.fema.gov.edgekey.net"",""e5502.dsca.akamaiedge.net""]","[""HSTS""]",13,10,403,373,false,false,false,false,false,false,,null,,,,"[""127.0.0.53:53"",""1.1.1.1:53""]",null,null
2025-11-29T12:07:39.38002937Z,null,null,azure,cloud,,443,https://edgepool.vid.fema.gov,edgepool.vid.fema.gov,/webapp2/,302 Found,https,,Pexip Infinity,,text/html,GET,20.124.115.29,/,,,,,,77.574131ms,,null,"[""20.106.143.97"",""20.124.115.29""]",null,null,"[""HSTS""]",3,7,302,138,false,false,false,false,false,false,,null,,,,"[""127.0.0.53:53"",""1.0.0.1:53""]",null,null
2025-11-29T12:07:39.381402791Z,null,null,azure,cloud,,443,https://azeast-edge3.vid.fema.gov,azeast-edge3.vid.fema.gov,/webapp2/,302 Found,https,,Pexip Infinity,,text/html,GET,20.124.115.29,/,,,,,,79.361616ms,,null,"[""20.124.115.29""]",null,null,"[""HSTS""]",3,7,302,138,false,false,false,false,false,false,,null,,,,"[""1.0.0.1:53"",""1.1.1.1:53""]",null,null
2025-11-29T12:07:39.389104646Z,null,null,,,,443,https://edit.staging.fema.gov,edit.staging.fema.gov,,Access Denied,https,,AkamaiGHost,,text/html,GET,23.8.23.194,/,,,,,,87.613892ms,,null,"[""23.8.23.194""]","[""2600:1407:e800:1382::1b63"",""2600:1407:e800:1380::1b63""]","[""edit.staging.fema.gov.edgekey-staging.net"",""e7011.dsca.akamaiedge-staging.net""]","[""HSTS""]",13,10,403,377,false,false,false,false,false,false,,null,,,,"[""127.0.0.53:53"",""1.0.0.1:53""]",null,null
2025-11-29T12:07:39.404110574Z,null,null,,,,443,https://emilms.fema.gov,emilms.fema.gov,https://emilms.fema.gov/error-page/notfound/default.aspx,Document Moved,https,,,,text/html,GET,23.10.213.253,/,,,,,,74.669373ms,,null,"[""23.10.213.253""]","[""2600:1407:1800:598::1955"",""2600:1407:1800:5a3::1955""]","[""emilms.fema.gov.edgekey.net"",""e6485.dsca.akamaiedge.net""]","[""HSTS""]",9,2,302,179,false,false,false,false,false,false,,null,,,,"[""1.1.1.1:53"",""8.8.8.8:53""]",null,null
2025-11-29T12:07:39.405678386Z,null,null,,,,443,https://edit-staging-m.fema.gov,edit-staging-m.fema.gov,,Access Denied,https,,AkamaiGHost,,text/html,GET,23.8.17.217,/,,,,,,104.606593ms,,null,"[""23.8.17.217""]","[""2600:1407:e800:1384::157e"",""2600:1407:e800:1382::157e""]","[""edit-staging-m.fema.gov.edgekey-staging.net"",""e5502.dsca.akamaiedge-staging.net""]","[""HSTS""]",13,10,403,383,false,false,false,false,false,false,,null,,,,"[""1.0.0.1:53"",""8.8.8.8:53""]",null,null
2025-11-29T12:07:39.424569701Z,null,null,,,,443,https://edit.staging1.dhs.gov,edit.staging1.dhs.gov,,Access Denied,https,,AkamaiGHost,,text/html,GET,23.8.23.194,/,,,,,,121.199178ms,,null,"[""23.8.23.194""]","[""2600:1407:e800:1382::1b63"",""2600:1407:e800:1380::1b63""]","[""edit.staging1.dhs.gov.edgekey-staging.net"",""e7011.dsca.akamaiedge-staging.net""]","[""HSTS""]",13,10,403,377,false,false,false,false,false,false,,null,,,,"[""8.8.8.8:53"",""1.1.1.1:53""]",null,null
2025-11-29T12:07:39.426854539Z,null,null,,,,443,https://edit.testint.fema.gov,edit.testint.fema.gov,,Access Denied,https,,AkamaiGHost,,text/html,GET,104.100.40.20,/,,,,,,124.839893ms,,null,"[""104.100.40.20""]","[""2600:1407:e800:1382::1b63"",""2600:1407:e800:1380::1b63""]","[""edit.testint.fema.gov.edgekey-staging.net"",""e7011.dsca.akamaiedge-staging.net""]","[""HSTS""]",13,10,403,375,false,false,false,false,false,false,,null,,,,"[""1.0.0.1:53""]",null,null
2025-11-29T12:07:39.441763515Z,null,null,,,,443,https://edit-preview-m.fema.gov,edit-preview-m.fema.gov,,Access Denied,https,,AkamaiGHost,,text/html,GET,23.10.210.43,/,,,,,,138.458534ms,,null,"[""23.10.210.43""]","[""2600:1407:1800:584::157e"",""2600:1407:1800:591::157e""]","[""edit-preview-m.fema.gov.edgekey.net"",""e5502.dsca.akamaiedge.net""]","[""HSTS""]",13,10,403,385,false,false,false,false,false,false,,null,,,,"[""8.8.8.8:53""]",null,null
2025-11-29T12:07:39.442767469Z,null,null,cloudflare,waf,,443,https://apps.fema.gov,apps.fema.gov,,HTTP Status 404 – Not Found,https,,cloudflare,,text/html,GET,172.65.90.26,/,,,,,,138.256873ms,,null,"[""172.65.90.25"",""172.65.90.27"",""172.65.90.26"",""172.65.90.24""]","[""2606:4700:78::90:0:183"",""2606:4700:78::90:0:181"",""2606:4700:78::90:0:180"",""2606:4700:78::90:0:182""]",null,"[""Cloudflare""]",68,1,404,749,false,false,false,true,false,false,,null,,,,"[""1.0.0.1:53"",""1.1.1.1:53""]",null,null
2025-11-29T12:07:39.456730414Z,null,null,azure,cloud,,443,https://azeast-edge4.vid.fema.gov,azeast-edge4.vid.fema.gov,/webapp2/,302 Found,https,,Pexip Infinity,,text/html,GET,20.106.143.97,/,,,,,,154.072085ms,,null,"[""20.106.143.97""]",null,null,"[""HSTS""]",3,7,302,138,false,false,false,false,false,false,,null,,,,"[""8.8.4.4:53"",""1.0.0.1:53""]",null,null
2025-11-29T12:07:39.466671999Z,null,null,,,,443,https://edit-webteamtraining.fema.gov,edit-webteamtraining.fema.gov,,Access Denied,https,,AkamaiGHost,,text/html,GET,23.8.31.107,/,,,,,,164.047113ms,,null,"[""23.8.31.107""]","[""2600:1407:e800:1384::2325"",""2600:1407:e800:1381::2325""]","[""edit_webteamtraining.fema.gov.edgekey-staging.net"",""e8997.dsca.akamaiedge-staging.net""]","[""HSTS""]",13,10,403,383,false,false,false,false,false,false,,null,,,,"[""127.0.0.53:53"",""1.0.0.1:53""]",null,null
2025-11-29T12:07:39.467579353Z,null,null,,,,443,https://beta.fema.gov,beta.fema.gov,,Access Denied,https,,AkamaiGHost,,text/html,GET,23.10.217.118,/,,,,,,165.489762ms,,null,"[""23.10.217.118""]","[""2600:1407:1800:5a2::1cc7"",""2600:1407:1800:5a0::1cc7""]","[""beta.fema.gov.edgekey.net"",""e7367.dsca.akamaiedge.net""]","[""HSTS""]",13,10,403,367,false,false,false,false,false,false,,null,,,,"[""1.1.1.1:53"",""8.8.8.8:53""]",null,null
2025-11-29T12:07:39.470293816Z,null,null,aws,cloud,,443,https://filetrail.msc.fema.gov,filetrail.msc.fema.gov,https://filetrail.msc.fema.gov:443/FileTrail/,301 Moved Permanently,https,,,,text/html,GET,18.253.155.176,/,,,,,,88.076102ms,,null,"[""18.253.155.176"",""182.30.81.39""]",null,null,null,5,6,301,134,false,false,false,false,false,false,,null,,,,"[""1.0.0.1:53"",""8.8.4.4:53""]",null,null
2025-11-29T12:07:39.471484746Z,null,null,cloudflare,waf,,443,https://demo.apps.aws.fema.gov,demo.apps.aws.fema.gov,,HTTP Status 404 – Not Found,https,,cloudflare,,text/html,GET,172.65.90.24,/,,,,,,165.691181ms,,null,"[""172.65.90.24"",""172.65.90.27"",""172.65.90.26"",""172.65.90.25""]","[""2606:4700:78::90:0:181"",""2606:4700:78::90:0:180"",""2606:4700:78::90:0:182"",""2606:4700:78::90:0:183""]",null,"[""Cloudflare"",""Cloudflare Bot Management""]",68,1,404,749,false,false,false,true,false,false,,null,,,,"[""1.0.0.1:53"",""1.1.1.1:53""]",null,null
2025-11-29T12:07:39.47273225Z,null,null,cloudflare,waf,,443,https://demo.integration.aws.fema.gov,demo.integration.aws.fema.gov,,HTTP Status 404 – Not Found,https,,cloudflare,,text/html,GET,172.65.90.27,/,,,,,,167.692648ms,,null,"[""172.65.90.27"",""172.65.90.26"",""172.65.90.24"",""172.65.90.25""]","[""2606:4700:78::90:0:181"",""2606:4700:78::90:0:183"",""2606:4700:78::90:0:182"",""2606:4700:78::90:0:180""]",null,"[""Cloudflare""]",68,1,404,749,false,false,false,true,false,false,,null,,,,"[""1.1.1.1:53"",""127.0.0.53:53""]",null,null
2025-11-29T12:07:39.476648164Z,null,null,,,,443,https://edit-beta.fema.gov,edit-beta.fema.gov,,Access Denied,https,,AkamaiGHost,,text/html,GET,23.10.223.225,/,,,,,,175.148222ms,,null,"[""23.10.223.225""]","[""2600:1407:1800:589::2325"",""2600:1407:1800:596::2325""]","[""edit-beta.fema.gov.edgekey.net"",""e8997.dsca.akamaiedge.net""]","[""HSTS""]",13,10,403,376,false,false,false,false,false,false,,null,,,,"[""8.8.8.8:53"",""8.8.4.4:53""]",null,null
2025-11-29T12:07:39.507041227Z,null,null,,,,443,https://fma.fema.gov,fma.fema.gov,https://fma.fema.gov/users/sign_in,,https,,nginx,,text/html,GET,23.12.23.4,/,,,,,,123.152422ms,,null,"[""23.12.23.4""]","[""2600:1407:1800:59d::3ff9"",""2600:1407:1800:587::3ff9""]","[""fma.fema.gov.edgekey.net"",""e16377.dsca.akamaiedge.net""]","[""HSTS"",""Nginx""]",0,0,302,0,false,false,false,false,false,false,,null,,,,"[""127.0.0.53:53"",""8.8.8.8:53""]",null,null
2025-11-29T12:07:39.527650578Z,null,null,cloudflare,waf,,443,https://fact.fema.gov,fact.fema.gov,,503 Service Temporarily Unavailable,https,,cloudflare,,text/html,GET,172.65.90.27,/,,,,,,153.254158ms,,null,"[""172.65.90.26"",""172.65.90.24"",""172.65.90.25"",""172.65.90.27""]","[""2606:4700:78::90:0:182"",""2606:4700:78::90:0:183"",""2606:4700:78::90:0:180"",""2606:4700:78::90:0:181""]",null,"[""Cloudflare"",""Cloudflare Bot Management""]",7,6,503,162,false,false,false,true,false,false,,null,,,,"[""1.1.1.1:53"",""127.0.0.53:53""]",null,null
2025-11-29T12:07:39.537863588Z,null,null,aws,cloud,,443,https://lcms-stage.training.fema.gov,lcms-stage.training.fema.gov,login.cfm,,https,,Microsoft-IIS/10.0,,text/html,GET,18.253.79.221,/,,,,,,65.75881ms,,null,"[""18.253.79.221""]",null,null,"[""HSTS"",""IIS:10.0"",""Java"",""Windows Server""]",0,0,302,0,false,false,false,false,false,false,,null,,,,"[""1.1.1.1:53"",""127.0.0.53:53""]",null,null
2025-11-29T12:07:39.550549827Z,null,null,,,,443,https://edit.fema.gov,edit.fema.gov,https://www.fema.gov/,,https,,AkamaiGHost,,,GET,23.10.216.20,/,,,,,,249.916067ms,,null,"[""23.10.216.20""]","[""2600:1407:1800:5a9::1b63"",""2600:1407:1800:58b::1b63""]","[""edit.fema.gov.edgekey.net"",""e7011.dsca.akamaiedge.net""]","[""HSTS""]",0,0,301,0,false,false,false,false,false,false,,null,,,,"[""127.0.0.53:53"",""8.8.8.8:53""]",null,null
2025-11-29T12:07:39.548115339Z,null,null,cloudflare,waf,,443,https://egateway.fema.gov,egateway.fema.gov,,Test Page for the Apache HTTP Server on Red Hat Enterprise Linux,https,,cloudflare,,text/html,GET,172.65.90.25,/,,,,,,214.807617ms,,null,"[""172.65.90.26"",""172.65.90.27"",""172.65.90.24"",""172.65.90.25""]","[""2606:4700:78::90:0:181"",""2606:4700:78::90:0:182"",""2606:4700:78::90:0:183"",""2606:4700:78::90:0:180""]",null,"[""Cloudflare"",""Cloudflare Bot Management"",""HSTS""]",449,123,403,4217,false,false,false,true,false,false,,null,,,,"[""1.1.1.1:53"",""1.0.0.1:53""]",null,null
2025-11-29T12:07:39.55636305Z,null,null,,,,443,https://dev.lpms.fema.gov,dev.lpms.fema.gov,https://dev.lpms.fema.gov/maximo,302 Found,https,,,,text/html,GET,144.69.65.68,/,,,,,,254.277647ms,,null,"[""144.69.65.68""]",null,null,"[""HSTS""]",17,9,302,293,false,false,false,false,false,false,,null,,,,"[""8.8.4.4:53"",""8.8.8.8:53""]",null,null
2025-11-29T12:07:39.587951655Z,null,null,aws,cloud,,443,https://lcms.training.fema.gov,lcms.training.fema.gov,login.cfm,,https,,Microsoft-IIS/10.0,,text/html,GET,18.252.119.48,/,,,,,,112.402803ms,,null,"[""18.252.119.48""]",null,null,"[""HSTS"",""IIS:10.0"",""Java"",""Windows Server""]",0,0,302,0,false,false,false,false,false,false,,null,,,,"[""8.8.8.8:53""]",null,null
2025-11-29T12:07:39.631072968Z,null,null,aws,cloud,,443,https://cd.lscms-mif.fema.gov,cd.lscms-mif.fema.gov,,,https,,,,text/html,GET,15.205.47.110,/,,,,,,325.133624ms,,null,"[""15.205.47.110"",""52.222.53.147""]",null,null,"[""HSTS""]",3,1,200,82,false,false,false,false,false,false,,null,,,,"[""127.0.0.53:53"",""8.8.8.8:53""]",null,null
2025-11-29T12:07:39.634759211Z,null,null,cloudflare,waf,,443,https://eservices.fema.gov,eservices.fema.gov,,,https,,cloudflare,,text/html,GET,172.65.90.24,/,,,,,,258.982073ms,,null,"[""172.65.90.24"",""172.65.90.25"",""172.65.90.26"",""172.65.90.27""]","[""2606:4700:78::90:0:182"",""2606:4700:78::90:0:180"",""2606:4700:78::90:0:181"",""2606:4700:78::90:0:183""]",null,"[""Cloudflare"",""Cloudflare Bot Management"",""HSTS""]",18,10,200,202,false,false,false,true,false,false,,null,,,,"[""1.0.0.1:53"",""127.0.0.53:53""]",null,null
2025-11-29T12:07:39.679339601Z,null,null,aws,cloud,,443,https://cd.lscms-sci.fema.gov,cd.lscms-sci.fema.gov,https://cd.lscms-sci.fema.gov/sci/login/,302 Found,https,,nginx,,text/html,GET,15.205.103.107,/,,,,,,354.98554ms,,null,"[""15.205.103.107"",""3.32.221.210""]",null,null,"[""HSTS"",""Nginx""]",12,7,302,224,false,false,false,false,false,false,,null,,,,"[""8.8.8.8:53"",""1.1.1.1:53""]",null,null
2025-11-29T12:07:39.679493186Z,null,null,aws,cloud,,80,http://fedhr.fema.gov,fedhr.fema.gov,https://fedhr.fema.gov/,302 Found,http,,Apache,,text/html,GET,160.1.105.124,/,,,,,,134.484415ms,,null,"[""96.127.47.255"",""160.1.105.124""]",null,null,"[""Amazon S3"",""Amazon Web Services"",""Apache HTTP Server"",""HSTS""]",12,7,302,207,false,false,false,false,false,false,,null,,,,"[""1.1.1.1:53"",""8.8.8.8:53""]",null,null
2025-11-29T12:07:39.699561826Z,null,null,,,,443,https://lpms.fema.gov,lpms.fema.gov,https://lpms.fema.gov/maximo,302 Found,https,,,,text/html,GET,144.69.65.70,/,,,,,,221.892305ms,,null,"[""144.69.65.70""]",null,null,"[""HSTS""]",17,9,302,285,false,false,false,false,false,false,,null,,,,"[""8.8.4.4:53"",""127.0.0.53:53""]",null,null
2025-11-29T12:07:39.716878226Z,null,null,,,,443,https://m.fema.gov,m.fema.gov,https://www.fema.gov/about/news-multimedia/mobile-app-text-messages,,https,,AkamaiGHost,,,GET,23.10.213.253,/,,,,,,158.688241ms,,null,"[""23.10.213.253""]","[""2600:1407:3c00:1586::1955"",""2600:1407:3c00:158a::1955""]","[""m.fema.gov.edgekey.net"",""e6485.dsca.akamaiedge.net""]","[""HSTS""]",0,0,301,0,false,false,false,false,false,false,,null,,,,"[""8.8.4.4:53"",""1.1.1.1:53""]",null,null
2025-11-29T12:07:39.71703361Z,null,null,cloudflare,waf,,443,https://forms.fema.gov,forms.fema.gov,,Access Manager for Web Login,https,,WebSEAL/10.0.0.0,,text/html,GET,172.65.182.120,/,,,,,,285.827368ms,,null,"[""172.65.182.120""]","[""2606:4700:90:0:4ae:9b74:756d:4c5a""]",null,"[""HSTS""]",220,79,200,2251,false,false,false,true,false,false,,null,,,,"[""1.0.0.1:53"",""8.8.4.4:53""]",null,null
2025-11-29T12:07:39.728672668Z,null,null,cloudflare,waf,,443,https://ba.fema.gov,ba.fema.gov,,Login Required,https,,WebSEAL/10.0.0.0,,text/html,GET,172.65.193.158,/,,,,,,415.596612ms,,null,"[""172.65.193.158""]","[""2606:4700:90:0:44ce:e0fe:10b0:4de4""]",null,"[""Basic"",""HSTS""]",171,52,401,1244,false,false,false,true,false,false,,null,,,,"[""8.8.4.4:53"",""127.0.0.53:53""]",null,null
2025-11-29T12:07:39.738415614Z,null,null,,,,443,https://m.usfa.fema.gov,m.usfa.fema.gov,https://www.usfa.fema.gov/,,https,,AkamaiGHost,,,GET,23.10.213.253,/,,,,,,147.539754ms,,null,"[""23.10.213.253""]","[""2600:1407:1800:5a3::1955"",""2600:1407:1800:598::1955""]","[""www.usfa.dhs.gov.edgekey.net"",""e6485.dsca.akamaiedge.net""]","[""HSTS""]",0,0,301,0,false,false,false,false,false,false,,null,,,,"[""1.0.0.1:53"",""127.0.0.53:53""]",null,null
2025-11-29T12:07:39.766572691Z,null,null,cloudflare,waf,,443,https://integration.fema.gov,integration.fema.gov,,Error 404--Not Found,https,,cloudflare,,text/html,GET,172.65.90.24,/,,,,,,313.883847ms,,null,"[""172.65.90.24"",""172.65.90.25"",""172.65.90.26"",""172.65.90.27""]","[""2606:4700:78::90:0:182"",""2606:4700:78::90:0:181"",""2606:4700:78::90:0:180"",""2606:4700:78::90:0:183""]",null,"[""Cloudflare"",""Cloudflare Bot Management"",""HSTS""]",115,19,404,1164,false,false,false,true,false,false,,null,,,,"[""8.8.8.8:53"",""127.0.0.53:53""]",null,null
2025-11-29T12:07:39.773675765Z,null,null,cloudflare,waf,,443,https://isource.fema.gov,isource.fema.gov,,404 Not Found,https,,cloudflare,,text/html,GET,172.65.90.24,/,,,,,,300.23891ms,,null,"[""172.65.90.25"",""172.65.90.26"",""172.65.90.24"",""172.65.90.27""]","[""2606:4700:78::90:0:183"",""2606:4700:78::90:0:181"",""2606:4700:78::90:0:182"",""2606:4700:78::90:0:180""]",null,"[""Cloudflare"",""Cloudflare Bot Management"",""HSTS""]",18,7,404,198,false,false,false,true,false,false,,null,,,,"[""8.8.8.8:53"",""8.8.4.4:53""]",null,null
2025-11-29T12:07:39.761725866Z,null,null,aws,cloud,,443,https://cd.lscms.fema.gov,cd.lscms.fema.gov,,Logistics Supply Chain Management System,https,,nginx,,text/html,GET,3.32.221.210,/,,,,,,339.671826ms,,null,"[""15.205.103.107"",""3.32.221.210""]",null,null,"[""HSTS"",""Nginx""]",846,178,200,8177,false,false,false,false,false,false,,null,,,,"[""127.0.0.53:53"",""1.1.1.1:53""]",null,null
2025-11-29T12:07:39.790337926Z,null,null,aws,cloud,,443,https://cd.lscms-ca.fema.gov,cd.lscms-ca.fema.gov,,,https,,nginx,,text/html,GET,3.32.221.210,/,,,,,,457.109282ms,,null,"[""3.32.221.210"",""15.205.103.107""]",null,null,"[""HSTS"",""Nginx""]",346,25,200,4710,false,false,false,false,false,false,,null,,,,"[""1.1.1.1:53"",""8.8.4.4:53""]",null,null
2025-11-29T12:07:39.801963301Z,null,null,cloudflare,waf,,443,https://grantee.fema.gov,grantee.fema.gov,,Grants Portal - Grants Portal,https,,cloudflare,,text/html,GET,172.65.90.26,/,,,,,,248.952411ms,,null,"[""172.65.90.24"",""172.65.90.26"",""172.65.90.27"",""172.65.90.25""]","[""2606:4700:78::90:0:182"",""2606:4700:78::90:0:181"",""2606:4700:78::90:0:183"",""2606:4700:78::90:0:180""]",null,"[""Cloudflare"",""Cloudflare Bot Management"",""RequireJS""]",558,85,200,3886,false,false,false,true,false,false,,null,,,,"[""127.0.0.53:53""]",null,null
2025-11-29T12:07:39.806070898Z,null,null,cloudflare,waf,,443,https://atp.aws.fema.gov,atp.aws.fema.gov,,IPAWS Alerting Authority ATP,https,,cloudflare,,text/html,GET,172.65.90.25,/,,,,,,476.418201ms,,null,"[""172.65.90.25"",""172.65.90.24"",""172.65.90.27"",""172.65.90.26""]","[""2606:4700:78::90:0:182"",""2606:4700:78::90:0:180"",""2606:4700:78::90:0:181"",""2606:4700:78::90:0:183""]",null,"[""Bootstrap:5.1.3"",""Cloudflare"",""Cloudflare Bot Management"",""jsDelivr""]",67,1,200,1243,false,false,false,true,false,false,,null,,,,"[""1.0.0.1:53"",""8.8.4.4:53""]",null,null
2025-11-29T12:07:39.80983227Z,null,null,,,,443,https://edit-testint-m.fema.gov,edit-testint-m.fema.gov,,Access Denied,https,,AkamaiGHost,,text/html,GET,104.100.34.43,/,,,,,,507.445116ms,,null,"[""104.100.34.43""]","[""2600:1407:e800:1382::157e"",""2600:1407:e800:1384::157e""]","[""edit-testint-m.fema.gov.edgekey-staging.net"",""e5502.dsca.akamaiedge-staging.net""]","[""HSTS""]",13,10,403,379,false,false,false,false,false,false,,null,,,,"[""1.0.0.1:53"",""127.0.0.53:53""]",null,null
2025-11-29T12:07:39.863516821Z,null,null,aws,cloud,,443,https://cd.lscms-mda.fema.gov,cd.lscms-mda.fema.gov,,,https,,nginx,,text/html,GET,3.32.221.210,/,,,,,,527.194089ms,,null,"[""3.32.221.210"",""15.205.103.107""]",null,null,"[""HSTS"",""Nginx""]",346,25,200,4710,false,false,false,false,false,false,,null,,,,"[""1.1.1.1:53"",""1.0.0.1:53""]",null,null
2025-11-29T12:07:39.841471267Z,null,null,aws,cloud,,443,https://floodmaps.fema.gov,floodmaps.fema.gov,,FEMA Floodmaps | FEMA.gov,https,,,,text/html,GET,18.253.155.176,/,,,,,,111.474155ms,,null,"[""18.253.155.176"",""182.30.81.39""]",null,null,"[""Google Analytics"",""Google Tag Manager"",""Microsoft ASP.NET""]",2837,291,200,31946,false,false,false,false,false,false,,null,,,,"[""8.8.4.4:53"",""1.0.0.1:53""]",null,null
2025-11-29T12:07:39.8875736Z,null,null,aws,cloud,,443,https://lscms-sci.fema.gov,lscms-sci.fema.gov,https://lscms-sci.fema.gov/sci/login/,302 Found,https,,nginx,,text/html,GET,96.127.50.20,/,,,,,,334.367838ms,,null,"[""96.127.50.20"",""3.32.121.100""]",null,null,"[""HSTS"",""Nginx""]",12,7,302,221,false,false,false,false,false,false,,null,,,,"[""127.0.0.53:53"",""8.8.8.8:53""]",null,null
2025-11-29T12:07:39.88774643Z,null,null,aws,cloud,,443,https://cd.lscms-wm.fema.gov,cd.lscms-wm.fema.gov,,,https,,nginx,,text/html,GET,3.32.221.210,/,,,,,,528.817087ms,,null,"[""15.205.103.107"",""3.32.221.210""]",null,null,"[""HSTS"",""Nginx""]",346,25,200,4710,false,false,false,false,false,false,,null,,,,"[""8.8.4.4:53"",""8.8.8.8:53""]",null,null
2025-11-29T12:07:39.892699232Z,null,null,cloudflare,waf,,443,https://dev-fact.fema.gov,dev-fact.fema.gov,,503 Service Temporarily Unavailable,https,,cloudflare,,text/html,GET,172.65.90.27,/,,,,,,579.604202ms,,null,"[""172.65.90.26"",""172.65.90.25"",""172.65.90.24"",""172.65.90.27""]","[""2606:4700:78::90:0:181"",""2606:4700:78::90:0:182"",""2606:4700:78::90:0:180"",""2606:4700:78::90:0:183""]",null,"[""Cloudflare"",""Cloudflare Bot Management""]",73,12,503,564,false,false,false,true,false,false,,null,,,,"[""1.0.0.1:53"",""127.0.0.53:53""]",null,null
2025-11-29T12:07:39.897186407Z,null,null,aws,cloud,,443,https://cd.lscms-disc.fema.gov,cd.lscms-disc.fema.gov,,,https,,nginx,,text/html,GET,3.32.221.210,/,,,,,,529.116738ms,,null,"[""3.32.221.210"",""15.205.103.107""]",null,null,"[""HSTS"",""Nginx""]",346,25,200,4718,false,false,false,false,false,false,,null,,,,"[""1.0.0.1:53"",""127.0.0.53:53""]",null,null
2025-11-29T12:07:39.909807854Z,null,null,aws,cloud,,443,https://lscms-mif.fema.gov,lscms-mif.fema.gov,,,https,,,,text/html,GET,52.222.93.84,/,,,,,,368.824838ms,,null,"[""3.31.34.147"",""52.222.93.84""]",null,null,"[""HSTS""]",3,1,200,82,false,false,false,false,false,false,,null,,,,"[""1.0.0.1:53"",""1.1.1.1:53""]",null,null
2025-11-29T12:07:39.923203841Z,null,null,cloudflare,waf,,443,https://integration.aws.fema.gov,integration.aws.fema.gov,,HTTP Status 404 – Not Found,https,,cloudflare,,text/html,GET,172.65.90.25,/,,,,,,477.516441ms,,null,"[""172.65.90.24"",""172.65.90.26"",""172.65.90.27"",""172.65.90.25""]","[""2606:4700:78::90:0:181"",""2606:4700:78::90:0:182"",""2606:4700:78::90:0:183"",""2606:4700:78::90:0:180""]",null,"[""Cloudflare""]",68,1,404,749,false,false,false,true,false,false,,null,,,,"[""1.0.0.1:53"",""1.1.1.1:53""]",null,null
2025-11-29T12:07:39.928365755Z,null,null,,,,443,https://mobile.fema.gov,mobile.fema.gov,https://www.fema.gov/,,https,,AkamaiGHost,,,GET,23.10.213.253,/,,,,,,231.893177ms,,null,"[""23.10.213.253""]","[""2600:1407:1800:598::1955"",""2600:1407:1800:5a3::1955""]","[""mobile.fema.gov.edgekey.net"",""e6485.dsca.akamaiedge.net""]","[""HSTS""]",0,0,301,0,false,false,false,false,false,false,,null,,,,"[""8.8.4.4:53"",""127.0.0.53:53""]",null,null
2025-11-29T12:07:39.941442387Z,null,null,aws,cloud,,443,https://lscms-ca.fema.gov,lscms-ca.fema.gov,,,https,,nginx,,text/html,GET,96.127.50.20,/,,,,,,427.045069ms,,null,"[""3.32.121.100"",""96.127.50.20""]",null,null,"[""HSTS"",""Nginx""]",346,25,200,4702,false,false,false,false,false,false,,null,,,,"[""1.0.0.1:53"",""8.8.4.4:53""]",null,null
2025-11-29T12:07:39.944769812Z,null,null,cloudflare,waf,,443,https://core.nfipdirect.fema.gov,core.nfipdirect.fema.gov,,,https,,cloudflare,,text/html,GET,172.65.90.26,/,,,,,,586.135817ms,,null,"[""172.65.90.27"",""172.65.90.25"",""172.65.90.24"",""172.65.90.26""]","[""2606:4700:78::90:0:183"",""2606:4700:78::90:0:182"",""2606:4700:78::90:0:181"",""2606:4700:78::90:0:180""]",null,"[""Cloudflare"",""Cloudflare Bot Management"",""HSTS""]",450,87,200,3141,false,false,false,true,false,false,,null,,,,"[""127.0.0.53:53""]",null,null
2025-11-29T12:07:39.948333747Z,null,null,cloudflare,waf,,443,https://api.stage.nfipdirect.fema.gov,api.stage.nfipdirect.fema.gov,,,https,,cloudflare,,application/json,GET,172.65.90.24,/,,,,,,645.640703ms,,null,"[""172.65.90.27"",""172.65.90.24"",""172.65.90.25"",""172.65.90.26""]","[""2606:4700:78::90:0:181"",""2606:4700:78::90:0:183"",""2606:4700:78::90:0:180"",""2606:4700:78::90:0:182""]",null,"[""Cloudflare"",""Cloudflare Bot Management""]",2,1,404,22,false,false,false,true,false,false,,null,,,,"[""8.8.8.8:53"",""1.1.1.1:53""]",null,null
2025-11-29T12:07:39.97782064Z,null,null,aws,cloud,,443,https://p4.msc.fema.gov,p4.msc.fema.gov,https://p4.msc.fema.gov:443/p4/,301 Moved Permanently,https,,,,text/html,GET,182.30.81.39,/,,,,,,117.895361ms,,null,"[""182.30.81.39"",""18.253.155.176""]",null,null,null,5,6,301,134,false,false,false,false,false,false,,null,,,,"[""127.0.0.53:53"",""8.8.4.4:53""]",null,null
2025-11-29T12:07:39.964855381Z,null,null,cloudflare,waf,,443,https://apps.usfa.fema.gov,apps.usfa.fema.gov,,U.S. Fire Administration website applications,https,,cloudflare,,text/html,GET,172.65.90.26,/,,,,,,163.580784ms,,null,"[""172.65.90.27"",""172.65.90.24"",""172.65.90.25"",""172.65.90.26""]","[""2606:4700:78::90:0:182"",""2606:4700:78::90:0:180"",""2606:4700:78::90:0:183"",""2606:4700:78::90:0:181""]",null,"[""Cloudflare"",""Cloudflare Bot Management"",""Font Awesome"",""Google Analytics"",""HSTS""]",1828,1,200,34809,false,false,false,true,false,false,,null,,,,"[""1.1.1.1:53"",""8.8.4.4:53""]",null,null
2025-11-29T12:07:40.004598555Z,null,null,aws,cloud,,443,https://lscms-disc.fema.gov,lscms-disc.fema.gov,,,https,,nginx,,text/html,GET,3.32.121.100,/,,,,,,476.948779ms,,null,"[""3.32.121.100"",""96.127.50.20""]",null,null,"[""HSTS"",""Nginx""]",346,25,200,4710,false,false,false,false,false,false,,null,,,,"[""1.0.0.1:53"",""8.8.8.8:53""]",null,null
2025-11-29T12:07:40.00584217Z,null,null,,,,443,https://pivot-beta.fema.gov,pivot-beta.fema.gov,https://pivot-beta.fema.gov/pivotportal-piebeta/web-portal/#/login?returnUrl=%2Fdashboard,,https,,AkamaiGHost,,,GET,23.213.112.70,/,,,,,,94.835243ms,,null,"[""23.213.112.70""]","[""2600:1407:3c00:997::34b3"",""2600:1407:3c00:98e::34b3""]","[""pivot.fema.gov.edgekey.net"",""e13491.dscx.akamaiedge.net""]","[""HSTS""]",0,0,301,0,false,false,false,false,false,false,,null,,,,"[""1.0.0.1:53""]",null,null
2025-11-29T12:07:40.006336612Z,null,null,google,cdn,,443,https://origin-ucort-pivot-beta-west.fema.gov,origin-ucort-pivot-beta-west.fema.gov,,403 Forbidden,https,,nginx/1.29.0,,text/html,GET,35.244.188.250,/,,,,,,188.537248ms,,null,"[""35.244.188.250""]",null,null,"[""Google Cloud"",""Google Cloud CDN"",""HTTP/3"",""Nginx:1.29.0""]",3,7,403,153,false,false,false,true,false,false,,null,,,,"[""1.0.0.1:53"",""1.1.1.1:53""]",null,null
2025-11-29T12:07:40.011584703Z,null,null,google,cdn,,443,https://pivot-analytics-west.fema.gov,pivot-analytics-west.fema.gov,,403 Forbidden,https,,nginx/1.29.0,,text/html,GET,35.244.188.250,/,,,,,,116.10824ms,,null,"[""35.244.188.250""]",null,null,"[""Google Cloud"",""Google Cloud CDN"",""HTTP/3"",""Nginx:1.29.0""]",3,7,403,153,false,false,false,true,false,false,,null,,,,"[""8.8.8.8:53"",""1.1.1.1:53""]",null,null
2025-11-29T12:07:40.016596293Z,null,null,google,cdn,,443,https://pivot-beta-west.fema.gov,pivot-beta-west.fema.gov,,403 Forbidden,https,,nginx/1.29.0,,text/html,GET,35.244.188.250,/,,,,,,116.868825ms,,null,"[""35.244.188.250""]",null,null,"[""Google Cloud"",""Google Cloud CDN"",""HTTP/3"",""Nginx:1.29.0""]",3,7,403,153,false,false,false,true,false,false,,null,,,,"[""8.8.4.4:53"",""1.0.0.1:53""]",null,null
2025-11-29T12:07:40.031273254Z,null,null,aws,cloud,,443,https://lscms-mda.fema.gov,lscms-mda.fema.gov,,,https,,nginx,,text/html,GET,96.127.50.20,/,,,,,,482.848351ms,,null,"[""3.32.121.100"",""96.127.50.20""]",null,null,"[""HSTS"",""Nginx""]",346,25,200,4710,false,false,false,false,false,false,,null,,,,"[""8.8.8.8:53"",""127.0.0.53:53""]",null,null
2025-11-29T12:07:40.038444555Z,null,null,google,cdn,,443,https://origin-pivot-beta-west.fema.gov,origin-pivot-beta-west.fema.gov,,403 Forbidden,https,,nginx/1.29.0,,text/html,GET,35.244.188.250,/,,,,,,224.945237ms,,null,"[""35.244.188.250""]",null,null,"[""Google Cloud"",""Google Cloud CDN"",""HTTP/3"",""Nginx:1.29.0""]",3,7,403,153,false,false,false,true,false,false,,null,,,,"[""8.8.8.8:53"",""8.8.4.4:53""]",null,null
2025-11-29T12:07:40.042196704Z,null,null,google,cdn,,443,https://pivot-analytics-beta-west.fema.gov,pivot-analytics-beta-west.fema.gov,,403 Forbidden,https,,nginx/1.29.0,,text/html,GET,35.244.188.250,/,,,,,,151.224744ms,,null,"[""35.244.188.250""]",null,null,"[""Google Cloud"",""Google Cloud CDN"",""HTTP/3"",""Nginx:1.29.0""]",3,7,403,153,false,false,false,true,false,false,,null,,,,"[""1.1.1.1:53"",""8.8.8.8:53""]",null,null
2025-11-29T12:07:40.087807248Z,null,null,aws,cloud,,443,https://map1.msc.fema.gov,map1.msc.fema.gov,,FIRMette Web,https,,,,text/html,GET,182.30.81.39,/,,,,,,187.217191ms,,null,"[""182.30.81.39"",""18.253.155.176""]",null,null,"[""Google Analytics"",""Google Tag Manager"",""HSTS""]",1996,45,200,49216,false,false,false,false,false,false,,null,,,,"[""8.8.8.8:53"",""1.0.0.1:53""]",null,null
2025-11-29T12:07:40.089847426Z,null,null,cloudflare,waf,,443,https://api.nfipdirect.fema.gov,api.nfipdirect.fema.gov,,,https,,cloudflare,,application/json,GET,172.65.90.26,/,,,,,,789.43654ms,,null,"[""172.65.90.25"",""172.65.90.26"",""172.65.90.27"",""172.65.90.24""]","[""2606:4700:78::90:0:180"",""2606:4700:78::90:0:183"",""2606:4700:78::90:0:182"",""2606:4700:78::90:0:181""]",null,"[""Cloudflare"",""Cloudflare Bot Management""]",2,1,404,22,false,false,false,true,false,false,,null,,,,"[""8.8.8.8:53""]",null,null
2025-11-29T12:07:40.091027708Z,null,null,cloudflare,waf,,443,https://auth.preptoolkit.fema.gov,auth.preptoolkit.fema.gov,,,https,,cloudflare,,text/plain,GET,172.65.90.27,/,,,,,,770.712805ms,,null,"[""172.65.90.26"",""172.65.90.24"",""172.65.90.25"",""172.65.90.27""]","[""2606:4700:78::90:0:182"",""2606:4700:78::90:0:183"",""2606:4700:78::90:0:181"",""2606:4700:78::90:0:180""]",null,"[""Cloudflare"",""Cloudflare Bot Management""]",1,1,403,12,false,false,false,true,false,false,,null,,,,"[""1.0.0.1:53"",""8.8.8.8:53""]",null,null
2025-11-29T12:07:40.09252176Z,null,null,,,,443,https://pivot-reporting-beta.fema.gov,pivot-reporting-beta.fema.gov,,Invalid URL,https,,AkamaiGHost,,text/html,GET,23.213.112.70,/,,,,,,161.381951ms,,null,"[""23.213.112.70""]","[""2600:1407:3c00:98e::34b3"",""2600:1407:3c00:997::34b3""]","[""pivot.fema.gov.edgekey.net"",""e13491.dscx.akamaiedge.net""]",null,8,8,400,310,false,false,false,false,false,false,,null,,,,"[""8.8.8.8:53"",""1.0.0.1:53""]",null,null
2025-11-29T12:07:40.099585657Z,null,null,cloudflare,waf,,443,https://ipaws-demo-retool.aws.fema.gov,ipaws-demo-retool.aws.fema.gov,,,https,,cloudflare,,text/html,GET,172.65.90.27,/,,,,,,616.877283ms,,null,"[""172.65.90.27"",""172.65.90.24"",""172.65.90.25"",""172.65.90.26""]","[""2606:4700:78::90:0:180"",""2606:4700:78::90:0:181"",""2606:4700:78::90:0:183"",""2606:4700:78::90:0:182""]",null,"[""Cloudflare"",""Cloudflare Bot Management"",""HSTS""]",1368,125,200,6183,false,false,false,true,false,false,,null,,,,"[""8.8.4.4:53"",""1.0.0.1:53""]",null,null
2025-11-29T12:07:40.101838284Z,null,null,cloudflare,waf,,443,https://gis.preptoolkit.fema.gov,gis.preptoolkit.fema.gov,,,https,,cloudflare,,text/html,GET,172.65.90.26,/,,,,,,694.476124ms,,null,"[""172.65.90.25"",""172.65.90.24"",""172.65.90.26"",""172.65.90.27""]","[""2606:4700:78::90:0:180"",""2606:4700:78::90:0:182"",""2606:4700:78::90:0:181"",""2606:4700:78::90:0:183""]",null,"[""Cloudflare"",""Cloudflare Bot Management"",""Microsoft ASP.NET""]",0,0,200,0,false,false,false,true,false,false,,null,,,,"[""1.1.1.1:53"",""8.8.4.4:53""]",null,null
2025-11-29T12:07:40.106098196Z,null,null,cloudflare,waf,,443,https://itsupport.fema.gov,itsupport.fema.gov,,Remote Support Portal,https,,cloudflare,,text/html,GET,172.65.90.27,/,,,,,,575.019511ms,,null,"[""172.65.90.27"",""172.65.90.24"",""172.65.90.25"",""172.65.90.26""]","[""2606:4700:78::90:0:181"",""2606:4700:78::90:0:180"",""2606:4700:78::90:0:183"",""2606:4700:78::90:0:182""]",null,"[""Cloudflare"",""Cloudflare Bot Management"",""HSTS"",""jQuery""]",296,168,200,4528,false,false,false,true,false,false,,null,,,,"[""127.0.0.53:53"",""8.8.8.8:53""]",null,null
2025-11-29T12:07:40.10969563Z,null,null,cloudflare,waf,,443,https://ipaws-staging-retool.aws.fema.gov,ipaws-staging-retool.aws.fema.gov,,,https,,cloudflare,,text/html,GET,172.65.90.24,/,,,,,,586.533823ms,,null,"[""172.65.90.26"",""172.65.90.27"",""172.65.90.25"",""172.65.90.24""]","[""2606:4700:78::90:0:181"",""2606:4700:78::90:0:182"",""2606:4700:78::90:0:180"",""2606:4700:78::90:0:183""]",null,"[""Amazon ALB"",""Amazon Web Services"",""Cloudflare"",""Cloudflare Bot Management"",""HSTS""]",1368,125,200,6183,false,false,false,true,false,false,,null,,,,"[""1.1.1.1:53"",""8.8.4.4:53""]",null,null
2025-11-29T12:07:40.112783854Z,null,null,,,,443,https://pivot-reporting.fema.gov,pivot-reporting.fema.gov,,Invalid URL,https,,AkamaiGHost,,text/html,GET,23.213.112.70,/,,,,,,168.455584ms,,null,"[""23.213.112.70""]","[""2600:1407:7400:d96::34b3"",""2600:1407:7400:d8c::34b3""]","[""pivot.fema.gov.edgekey.net"",""e13491.dscx.akamaiedge.net""]",null,8,8,400,310,false,false,false,false,false,false,,null,,,,"[""8.8.4.4:53"",""1.1.1.1:53""]",null,null
2025-11-29T12:07:40.109506591Z,null,null,aws,cloud,,443,https://lscms.fema.gov,lscms.fema.gov,,Logistics Supply Chain Management System,https,,nginx,,text/html,GET,96.127.50.20,/,,,,,,467.134346ms,,null,"[""96.127.50.20"",""3.32.121.100""]",null,null,"[""HSTS"",""Nginx""]",846,178,200,8153,false,false,false,false,false,false,,null,,,,"[""8.8.4.4:53"",""127.0.0.53:53""]",null,null
2025-11-29T12:07:40.117844164Z,null,null,aws,cloud,,443,https://lscms-wm.fema.gov,lscms-wm.fema.gov,,,https,,nginx,,text/html,GET,3.32.121.100,/,,,,,,551.936614ms,,null,"[""3.32.121.100"",""96.127.50.20""]",null,null,"[""HSTS"",""Nginx""]",346,25,200,4706,false,false,false,false,false,false,,null,,,,"[""1.0.0.1:53"",""8.8.8.8:53""]",null,null
2025-11-29T12:07:40.129016676Z,null,null,cloudflare,waf,,443,https://nfirs.fema.gov,nfirs.fema.gov,https://nfirs.fema.gov/NFIRSWeb/login,301 Moved Permanently,https,,cloudflare,,text/html,GET,172.65.90.24,/,,,,,,342.087106ms,,null,"[""172.65.90.26"",""172.65.90.25"",""172.65.90.27"",""172.65.90.24""]","[""2606:4700:78::90:0:183"",""2606:4700:78::90:0:182"",""2606:4700:78::90:0:180"",""2606:4700:78::90:0:181""]",null,"[""Cloudflare"",""Cloudflare Bot Management"",""HSTS""]",14,7,301,245,false,false,false,true,false,false,,null,,,,"[""8.8.4.4:53""]",null,null
2025-11-29T12:07:40.133942466Z,null,null,cloudflare,waf,,443,https://piv.fema.gov,piv.fema.gov,,Certification authentication failed,https,,,,text/html,GET,172.65.250.26,/,,,,,,243.495792ms,,null,"[""172.65.250.26""]","[""2606:4700:90:0:aaf8:8101:bb37:4310""]",null,"[""HSTS""]",50,16,200,505,false,false,false,true,false,false,,null,,,,"[""127.0.0.53:53"",""1.1.1.1:53""]",null,null
2025-11-29T12:07:40.148880086Z,null,null,cloudflare,waf,,443,https://pagrants.fema.gov,pagrants.fema.gov,/Account/Login?ReturnUrl=%2f,Object moved,https,,cloudflare,,text/html,GET,172.65.90.24,/,,,,,,268.211913ms,,null,"[""172.65.90.24"",""172.65.90.25"",""172.65.90.26"",""172.65.90.27""]","[""2606:4700:78::90:0:183"",""2606:4700:78::90:0:181"",""2606:4700:78::90:0:180"",""2606:4700:78::90:0:182""]",null,"[""Cloudflare"",""Cloudflare Bot Management""]",6,3,302,145,false,false,false,true,false,false,,null,,,,"[""1.0.0.1:53"",""127.0.0.53:53""]",null,null
2025-11-29T12:07:40.198206879Z,null,null,cloudflare,waf,,443,https://messageviewer.tdl.apps.fema.gov,messageviewer.tdl.apps.fema.gov,https://messageviewer.tdl.apps.fema.gov:443/index.html,301 Moved Permanently,https,,cloudflare,,text/html,GET,172.65.90.27,/,,,,,,499.425753ms,,null,"[""172.65.90.24"",""172.65.90.27"",""172.65.90.25"",""172.65.90.26""]","[""2606:4700:78::90:0:183"",""2606:4700:78::90:0:181"",""2606:4700:78::90:0:182"",""2606:4700:78::90:0:180""]",null,"[""Cloudflare"",""Cloudflare Bot Management""]",5,6,301,134,false,false,false,true,false,false,,null,,,,"[""8.8.8.8:53""]",null,null
2025-11-29T12:07:40.233678864Z,null,null,,,,443,https://pivot-analytics.fema.gov,pivot-analytics.fema.gov,https://accounts.google.com/o/oauth2/v2/auth?access_type=offline&client_id=816379851713-4kqrs7jhcdbsq28qbnperv3i057nn58v.apps.googleusercontent.com&include_granted_scopes=true&nonce=0a60b5c3d1fba77fadc523112a8739b7&redirect_uri=https%3A%2F%2Flooker.production.gcp-pivot.fema.net%2Foauth2callback&response_type=code&scope=openid%20email%20profile&state=761b6012dea6638bedb5254814f5c8ea,,https,,nginx,,text/html,GET,23.213.112.70,/,,,,,,334.961092ms,,null,"[""23.213.112.70""]","[""2600:1407:1800:5a9::34b3"",""2600:1407:1800:58d::34b3""]","[""pivot.fema.gov.edgekey.net"",""e13491.dscx.akamaiedge.net""]","[""Envoy"",""HSTS"",""Nginx"",""Zipkin""]",0,0,303,0,false,false,false,false,false,false,,null,,,,"[""1.0.0.1:53"",""127.0.0.53:53""]",null,null
2025-11-29T12:07:40.291321343Z,null,null,cloudflare,waf,,443,https://ndgrants.fema.gov,ndgrants.fema.gov,,Error 404--Not Found,https,,,,text/html,GET,172.65.53.48,/,,,,,,516.581186ms,,null,"[""172.65.53.48""]","[""2606:4700:60:0:1240:26f6:acd2:c0b8""]",null,"[""Amazon ALB"",""Amazon Web Services"",""Oracle Dynamic Monitoring Service"",""Oracle WebLogic Server""]",115,19,404,1164,false,false,false,true,false,false,,null,,,,"[""8.8.4.4:53"",""1.0.0.1:53""]",null,null
2025-11-29T12:07:40.323638741Z,null,null,cloudflare,waf,,443,https://messageviewer.demo.apps.fema.gov,messageviewer.demo.apps.fema.gov,https://messageviewer.demo.apps.fema.gov:443/index.html,302 Found,https,,cloudflare,,text/html,GET,172.65.90.27,/,,,,,,685.209156ms,,null,"[""172.65.90.25"",""172.65.90.27"",""172.65.90.24"",""172.65.90.26""]","[""2606:4700:78::90:0:181"",""2606:4700:78::90:0:182"",""2606:4700:78::90:0:180"",""2606:4700:78::90:0:183""]",null,"[""Cloudflare"",""Cloudflare Bot Management""]",3,6,302,110,false,false,false,true,false,false,,null,,,,"[""8.8.4.4:53"",""127.0.0.53:53""]",null,null
2025-11-29T12:07:40.333851701Z,null,null,,,,80,http://pivot-analytics-beta.fema.gov,pivot-analytics-beta.fema.gov,https://pivot-analytics-beta.fema.gov/,,http,,AkamaiGHost,,,GET,23.213.112.70,/,,,,,,34.301628ms,,null,"[""23.213.112.70""]","[""2600:1407:1800:5a9::34b3"",""2600:1407:1800:58d::34b3""]","[""pivot.fema.gov.edgekey.net"",""e13491.dscx.akamaiedge.net""]",null,0,0,301,0,false,false,false,false,false,false,,null,,,,"[""1.0.0.1:53"",""8.8.8.8:53""]",null,null
2025-11-29T12:07:40.353468464Z,null,null,,,,443,https://go.fema.gov,go.fema.gov,,FEMA - FEMA Grants Outcomes,https,,,,text/html,GET,23.10.213.253,/,,,,,,901.138663ms,,null,"[""23.10.213.253""]","[""2600:1407:1800:598::1955"",""2600:1407:1800:5a3::1955""]","[""go.fema.gov.edgekey.net"",""e6485.dsca.akamaiedge.net""]","[""HSTS""]",107,1,200,5096,false,false,false,false,false,false,,null,,,,"[""8.8.4.4:53"",""8.8.8.8:53""]",null,null
2025-11-29T12:07:40.372464704Z,null,null,google,cdn,,443,https://pivot-west.fema.gov,pivot-west.fema.gov,,403 Forbidden,https,,nginx/1.29.0,,text/html,GET,35.244.188.250,/,,,,,,72.180906ms,,null,"[""35.244.188.250""]",null,null,"[""Google Cloud"",""Google Cloud CDN"",""HTTP/3"",""Nginx:1.29.0""]",3,7,403,153,false,false,false,true,false,false,,null,,,,"[""1.1.1.1:53""]",null,null
2025-11-29T12:07:40.404316466Z,null,null,aws,cloud,,443,https://rmd.msc.fema.gov,rmd.msc.fema.gov,https://rmd.msc.fema.gov/_layouts/15/Authenticate.aspx?Source=%2F,Object moved,https,,,,text/html,GET,182.30.81.39,/,,,,,,102.618184ms,,null,"[""18.253.155.176"",""182.30.81.39""]",null,null,"[""Microsoft ASP.NET"",""Microsoft SharePoint""]",6,3,302,182,false,false,false,false,false,false,,null,,,,"[""1.0.0.1:53"",""127.0.0.53:53""]",null,null
2025-11-29T12:07:40.41574851Z,null,null,,,,443,https://preview.dhs.gov,preview.dhs.gov,https://www.dhs.gov/,,https,,AkamaiGHost,,,GET,23.10.217.118,/,,,,,,116.429972ms,,null,"[""23.10.217.118""]","[""2600:1407:3c00:1585::1cc7"",""2600:1407:3c00:158c::1cc7""]","[""preview.dhs.gov.edgekey.net"",""e7367.dsca.akamaiedge.net""]","[""HSTS""]",0,0,301,0,false,false,false,false,false,false,,null,,,,"[""8.8.8.8:53"",""1.0.0.1:53""]",null,null
2025-11-29T12:07:40.423415855Z,null,null,cloudflare,waf,,443,https://tdl.emilms.fema.gov,tdl.emilms.fema.gov,,Attention Required! | Cloudflare,https,,cloudflare,,text/html,GET,172.64.144.133,/,,,,,,42.115691ms,,null,"[""172.64.144.133"",""104.18.43.123""]","[""2a06:98c1:310b::ac40:9085"",""2606:4700:4407::6812:2b7b""]",null,"[""Cloudflare"",""Cloudflare Bot Management""]",656,90,403,4555,false,false,false,true,false,false,,null,,,,"[""127.0.0.53:53"",""1.0.0.1:53""]",null,null
2025-11-29T12:07:40.454787222Z,null,null,,,,443,https://staging-m.fema.gov,staging-m.fema.gov,,Access Denied,https,,AkamaiGHost,,text/html,GET,23.8.17.217,/,,,,,,153.763319ms,,null,"[""23.8.17.217""]","[""2600:1407:e800:1384::157e"",""2600:1407:e800:1382::157e""]","[""staging-m.fema.gov.edgekey-staging.net"",""e5502.dsca.akamaiedge-staging.net""]","[""HSTS""]",13,10,403,374,false,false,false,false,false,false,,null,,,,"[""8.8.4.4:53"",""1.1.1.1:53""]",null,null
2025-11-29T12:07:40.475471327Z,null,null,,,,443,https://pivot.fema.gov,pivot.fema.gov,https://pivot.fema.gov/pivot/web-portal/,,https,,AkamaiGHost,,,GET,23.213.112.70,/,,,,,,176.136105ms,,null,"[""23.213.112.70""]","[""2600:1407:1800:5a9::34b3"",""2600:1407:1800:58d::34b3""]","[""pivot.fema.gov.edgekey.net"",""e13491.dscx.akamaiedge.net""]","[""HSTS""]",0,0,301,0,false,false,false,false,false,false,,null,,,,"[""8.8.4.4:53""]",null,null
2025-11-29T12:07:40.479313195Z,null,null,,,,443,https://psa.fema.gov,psa.fema.gov,https://g.zpa-auth.net:443/IevTunx4Bg/doauth?origurl=https%3A%2F%2Fpsa%2Efema%2Egov%3A443%2F,,https,,ZBA/1.0,,text/html,GET,170.85.49.49,/,,,,,,180.272674ms,,null,"[""170.85.49.49"",""170.85.49.48""]","[""2605:4300:2c12:1:8457:671c:d135:1343"",""2605:4300:2c12:0:88e2:60b3:5ef5:51c7""]","[""72057954815236014.72057954815180800.h.g.zpa-app.net"",""exporter.zpagov.net"",""exporter.gslb.zpagov.net"",""was3.exporter.gslb.zpagov.net"",""exporter-lb-be09eb149ec1c51f.elb.us-gov-east-1.amazonaws.com""]","[""HSTS""]",0,0,303,0,false,false,false,false,false,false,,null,,,,"[""1.0.0.1:53"",""8.8.4.4:53""]",null,null
2025-11-29T12:07:40.491794191Z,null,null,,,,443,https://preview-m.fema.gov,preview-m.fema.gov,,Access Denied,https,,AkamaiGHost,,text/html,GET,23.10.213.253,/,,,,,,191.415335ms,,null,"[""23.10.213.253""]","[""2600:1407:1800:598::1955"",""2600:1407:1800:5a3::1955""]","[""preview-m.fema.gov.edgekey.net"",""e6485.dsca.akamaiedge.net""]","[""HSTS""]",13,10,403,376,false,false,false,false,false,false,,null,,,,"[""1.0.0.1:53"",""8.8.8.8:53""]",null,null
2025-11-29T12:07:40.50101821Z,null,null,cloudflare,waf,,443,https://tdl.apps.fema.gov,tdl.apps.fema.gov,,HTTP Status 404 – Not Found,https,,cloudflare,,text/html,GET,172.65.90.26,/,,,,,,170.979154ms,,null,"[""172.65.90.25"",""172.65.90.24"",""172.65.90.26"",""172.65.90.27""]","[""2606:4700:78::90:0:182"",""2606:4700:78::90:0:181"",""2606:4700:78::90:0:180"",""2606:4700:78::90:0:183""]",null,"[""Cloudflare"",""Cloudflare Bot Management""]",68,1,404,749,false,false,false,true,false,false,,null,,,,"[""8.8.8.8:53"",""1.1.1.1:53""]",null,null
2025-11-29T12:07:40.526377098Z,null,null,,,,443,https://edit-wcms-testint.dhs.gov,edit-wcms-testint.dhs.gov,,Access Denied,https,,AkamaiGHost,,text/html,GET,104.100.47.225,/,,,,,,1.221349618s,,null,"[""104.100.47.225""]","[""2600:1407:e800:1384::2325"",""2600:1407:e800:1381::2325""]","[""edit-wcms-testint.dhs.gov.edgekey-staging.net"",""e8997.dsca.akamaiedge-staging.net""]","[""HSTS"",""HTTP/3""]",13,10,403,381,false,false,false,false,false,false,,null,,,,"[""1.1.1.1:53"",""1.0.0.1:53""]",null,null
2025-11-29T12:07:40.528082469Z,null,null,cloudflare,waf,,443,https://nfipdirect.fema.gov,nfipdirect.fema.gov,,Agent Portal,https,,cloudflare,,text/html,GET,104.18.38.204,/,,,,,,721.336408ms,,null,"[""104.18.38.204"",""172.64.149.52""]","[""2a06:98c1:310a::ac40:9534"",""2606:4700:4405::6812:26cc""]",null,"[""Cloudflare"",""Cloudflare Bot Management"",""Google Maps"",""HSTS""]",386,50,200,2372,false,false,false,true,false,false,,null,,,,"[""127.0.0.53:53"",""8.8.4.4:53""]",null,null
2025-11-29T12:07:40.54463449Z,null,null,cloudflare,waf,,443,https://portal.fema.gov,portal.fema.gov,,Federal Emergency Management Agency,https,,cloudflare,,text/html,GET,172.65.90.27,/,,,,,,240.556697ms,,null,"[""172.65.90.24"",""172.65.90.26"",""172.65.90.25"",""172.65.90.27""]","[""2606:4700:78::90:0:183"",""2606:4700:78::90:0:180"",""2606:4700:78::90:0:182"",""2606:4700:78::90:0:181""]",null,"[""Cloudflare"",""Cloudflare Bot Management"",""HSTS""]",143,33,200,795,false,false,false,true,false,false,,null,,,,"[""1.1.1.1:53"",""1.0.0.1:53""]",null,null
2025-11-29T12:07:40.557813917Z,null,null,,,,443,https://staging-fma.fema.gov,staging-fma.fema.gov,https://staging-fma.fema.gov/users/sign_in,,https,,nginx,,text/html,GET,23.12.23.4,/,,,,,,257.292175ms,,null,"[""23.12.23.4""]","[""2600:1407:1800:59d::3ff9"",""2600:1407:1800:587::3ff9""]","[""staging-fma.fema.gov.edgekey.net"",""e16377.dsca.akamaiedge.net""]","[""HSTS"",""Nginx""]",0,0,302,0,false,false,false,false,false,false,,null,,,,"[""127.0.0.53:53""]",null,null
2025-11-29T12:07:40.571616483Z,null,null,cloudflare,waf,,443,https://stg.pagrants.fema.gov,stg.pagrants.fema.gov,/Account/Login?ReturnUrl=%2f,Object moved,https,,cloudflare,,text/html,GET,172.65.90.27,/,,,,,,268.471216ms,,null,"[""172.65.90.24"",""172.65.90.25"",""172.65.90.26"",""172.65.90.27""]","[""2606:4700:78::90:0:180"",""2606:4700:78::90:0:181"",""2606:4700:78::90:0:182"",""2606:4700:78::90:0:183""]",null,"[""Cloudflare"",""Cloudflare Bot Management""]",6,3,302,145,false,false,false,true,false,false,,null,,,,"[""1.1.1.1:53""]",null,null
2025-11-29T12:07:40.579583476Z,null,null,cloudflare,waf,,443,https://oneresponder.preptoolkit.fema.gov,oneresponder.preptoolkit.fema.gov,https://oneresponder.preptoolkit.fema.gov:443/manager/home/landing,301 Moved Permanently,https,,cloudflare,,text/html,GET,172.65.90.25,/,,,,,,786.345ms,,null,"[""172.65.90.26"",""172.65.90.25"",""172.65.90.27"",""172.65.90.24""]","[""2606:4700:78::90:0:181"",""2606:4700:78::90:0:183"",""2606:4700:78::90:0:180"",""2606:4700:78::90:0:182""]",null,"[""Cloudflare"",""Cloudflare Bot Management""]",5,6,301,134,false,false,false,true,false,false,,null,,,,"[""8.8.8.8:53"",""8.8.4.4:53""]",null,null
2025-11-29T12:07:40.602396616Z,null,null,cloudflare,waf,,443,https://ssp.fema.gov,ssp.fema.gov,,,https,,cloudflare,,text/plain,GET,172.65.90.24,/,,,,,,302.53928ms,,null,"[""172.65.90.25"",""172.65.90.26"",""172.65.90.27"",""172.65.90.24""]","[""2606:4700:78::90:0:183"",""2606:4700:78::90:0:180"",""2606:4700:78::90:0:182"",""2606:4700:78::90:0:181""]",null,"[""Cloudflare""]",3,1,521,15,false,false,false,true,false,false,,null,,,,"[""1.1.1.1:53"",""8.8.4.4:53""]",null,null
2025-11-29T12:07:40.6141562Z,null,null,,,,443,https://sso.fema.gov,sso.fema.gov,https://g.zpa-auth.net:443/IevTunx4Bg/doauth?origurl=https%3A%2F%2Fsso%2Efema%2Egov%3A443%2F,,https,,ZBA/1.0,,text/html,GET,170.85.49.49,/,,,,,,315.082443ms,,null,"[""170.85.49.48"",""170.85.49.49""]","[""2605:4300:2c12:0:88e2:60b3:5ef5:51c7"",""2605:4300:2c12:1:8457:671c:d135:1343""]","[""3358.72057954815180800.h.g.zpa-app.net"",""exporter.zpagov.net"",""exporter.gslb.zpagov.net"",""was3.exporter.gslb.zpagov.net"",""exporter-lb-be09eb149ec1c51f.elb.us-gov-east-1.amazonaws.com""]","[""HSTS""]",0,0,303,0,false,false,false,false,false,false,,null,,,,"[""1.0.0.1:53"",""127.0.0.53:53""]",null,null
2025-11-29T12:07:40.619079085Z,null,null,,,,443,https://tdl.lpms.fema.gov,tdl.lpms.fema.gov,https://tdl.lpms.fema.gov/maximo,302 Found,https,,,,text/html,GET,144.69.65.69,/,,,,,,192.244027ms,,null,"[""144.69.65.69""]",null,null,"[""HSTS""]",17,9,302,293,false,false,false,false,false,false,,null,,,,"[""1.0.0.1:53"",""1.1.1.1:53""]",null,null
2025-11-29T12:07:40.64139163Z,null,null,cloudflare,waf,,443,https://tdl.forms.fema.gov,tdl.forms.fema.gov,,Access Manager for Web Login,https,,WebSEAL/10.0.8.0,,text/html,GET,172.65.54.112,/,,,,,,253.349835ms,,null,"[""172.65.54.112""]","[""2606:4700:60:0:8f8:ad50:c5b1:599d""]",null,"[""HSTS""]",220,79,200,2251,false,false,false,true,false,false,,null,,,,"[""127.0.0.53:53"",""1.1.1.1:53""]",null,null
2025-11-29T12:07:40.69519993Z,null,null,aws,cloud,,443,https://tools.hazards.fema.gov,tools.hazards.fema.gov,,FEMA: Mapping Information Platform: Content Unavailable,https,,,,text/html,GET,18.253.155.176,/,,,,,,69.172178ms,,null,"[""18.253.155.176"",""182.30.81.39""]",null,null,null,699,134,200,3679,false,false,false,false,false,false,,null,,,,"[""1.1.1.1:53"",""1.0.0.1:53""]",null,null
2025-11-29T12:07:40.703715895Z,null,null,cloudflare,waf,,443,https://stg.grantee.fema.gov,stg.grantee.fema.gov,,Grants Portal - Grants Portal,https,,cloudflare,,text/html,GET,172.65.90.26,/,,,,,,329.258936ms,,null,"[""172.65.90.26"",""172.65.90.24"",""172.65.90.27"",""172.65.90.25""]","[""2606:4700:78::90:0:180"",""2606:4700:78::90:0:181"",""2606:4700:78::90:0:182"",""2606:4700:78::90:0:183""]",null,"[""Cloudflare"",""Cloudflare Bot Management"",""RequireJS"",""jQuery"",""jQuery Migrate:3.5.0""]",586,96,200,4441,false,false,false,true,false,false,,null,,,,"[""8.8.8.8:53"",""1.0.0.1:53""]",null,null
2025-11-29T12:07:40.710974719Z,null,null,cloudflare,waf,,443,https://tdl.ba.fema.gov,tdl.ba.fema.gov,,Login Required,https,,WebSEAL/10.0.8.0,,text/html,GET,172.65.33.163,/,,,,,,356.13572ms,,null,"[""172.65.33.163""]","[""2606:4700:60:0:6eb1:a7e:c441:25bc""]",null,"[""Basic"",""HSTS""]",171,52,401,1244,false,false,false,true,false,false,,null,,,,"[""127.0.0.53:53"",""8.8.4.4:53""]",null,null
2025-11-29T12:07:40.728115161Z,null,null,cloudflare,waf,,443,https://tdl.training.fema.gov,tdl.training.fema.gov,,Attention Required! | Cloudflare,https,,cloudflare,,text/html,GET,172.64.155.238,/,,,,,,125.406903ms,,null,"[""172.64.155.238"",""104.18.32.18""]","[""2606:4700:4402::6812:2012"",""2606:4700:440b::ac40:9bee""]",null,"[""Cloudflare"",""Cloudflare Bot Management""]",620,93,403,4525,false,false,false,true,false,false,,null,,,,"[""8.8.8.8:53"",""1.1.1.1:53""]",null,null
2025-11-29T12:07:40.728922325Z,null,null,cloudflare,waf,,443,https://tdl.egateway.fema.gov,tdl.egateway.fema.gov,,Test Page for the Apache HTTP Server on Red Hat Enterprise Linux,https,,cloudflare,,text/html,GET,104.18.39.92,/,,,,,,343.057486ms,,null,"[""104.18.39.92"",""172.64.148.164""]","[""2a06:98c1:3100::ac40:94a4"",""2a06:98c1:3101::6812:275c""]",null,"[""Cloudflare"",""Cloudflare Bot Management"",""HSTS""]",449,123,403,4217,false,false,false,true,false,false,,null,,,,"[""8.8.8.8:53"",""1.0.0.1:53""]",null,null
2025-11-29T12:07:40.734125772Z,null,null,,,,443,https://testint-m.fema.gov,testint-m.fema.gov,,Access Denied,https,,AkamaiGHost,,text/html,GET,23.8.17.217,/,,,,,,159.838146ms,,null,"[""23.8.17.217""]","[""2600:1407:e800:1384::157e"",""2600:1407:e800:1382::157e""]","[""testint-m.fema.gov.edgekey-staging.net"",""e5502.dsca.akamaiedge-staging.net""]","[""HSTS""]",13,10,403,374,false,false,false,false,false,false,,null,,,,"[""1.1.1.1:53"",""8.8.4.4:53""]",null,null
2025-11-29T12:07:40.73967358Z,null,null,cloudflare,waf,,443,https://tdl.eservices.fema.gov,tdl.eservices.fema.gov,,Federal Emergency Management Agency,https,,cloudflare,,text/html,GET,172.64.149.193,/,,,,,,369.196017ms,,null,"[""104.18.38.63"",""172.64.149.193""]","[""2606:4700:4404::6812:263f"",""2a06:98c1:310a::ac40:95c1""]",null,"[""Cloudflare"",""Cloudflare Bot Management"",""HSTS""]",143,33,200,795,false,false,false,true,false,false,,null,,,,"[""8.8.8.8:53"",""1.1.1.1:53""]",null,null
2025-11-29T12:07:40.762112307Z,null,null,cloudflare,waf,,443,https://mstr.preptoolkit.fema.gov,mstr.preptoolkit.fema.gov,,,https,,cloudflare,,text/html,GET,172.65.90.25,/,,,,,,1.056453149s,,null,"[""172.65.90.26"",""172.65.90.24"",""172.65.90.27"",""172.65.90.25""]","[""2606:4700:78::90:0:180"",""2606:4700:78::90:0:183"",""2606:4700:78::90:0:182"",""2606:4700:78::90:0:181""]",null,"[""Cloudflare"",""Cloudflare Bot Management"",""Microsoft ASP.NET""]",26,32,200,693,false,false,false,true,false,false,,null,,,,"[""1.0.0.1:53"",""8.8.4.4:53""]",null,null
2025-11-29T12:07:40.777729864Z,null,null,aws,cloud,,443,https://tdl.lscms-sci.fema.gov,tdl.lscms-sci.fema.gov,https://tdl.lscms-sci.fema.gov/sci/login/,302 Found,https,,nginx,,text/html,GET,18.252.137.177,/,,,,,,282.091115ms,,null,"[""18.252.81.84"",""18.252.137.177""]",null,null,"[""HSTS"",""Nginx""]",12,7,302,225,false,false,false,false,false,false,,null,,,,"[""127.0.0.53:53"",""1.0.0.1:53""]",null,null
2025-11-29T12:07:40.785202312Z,null,null,aws,cloud,,443,https://uat-ep.msc.fema.gov,uat-ep.msc.fema.gov,,502 Bad Gateway,https,,awselb/2.0,,text/html,GET,18.252.60.20,/,,,,,,74.928838ms,,null,"[""18.252.60.20"",""18.254.12.163""]",null,null,"[""Amazon ELB"",""Amazon Web Services""]",71,12,502,524,false,false,false,false,false,false,,null,,,,"[""1.0.0.1:53"",""127.0.0.53:53""]",null,null
2025-11-29T12:07:40.788526781Z,null,null,aws,cloud,,443,https://uat-cfas.msc.fema.gov,uat-cfas.msc.fema.gov,https://uat-cfas.msc.fema.gov:443/cfas/,301 Moved Permanently,https,,awselb/2.0,,text/html,GET,18.254.12.163,/,,,,,,88.456744ms,,null,"[""18.252.60.20"",""18.254.12.163""]",null,null,"[""Amazon ELB"",""Amazon Web Services""]",5,6,301,134,false,false,false,false,false,false,,null,,,,"[""1.1.1.1:53"",""8.8.8.8:53""]",null,null
2025-11-29T12:07:40.794794624Z,null,null,cloudflare,waf,,443,https://tdl.regportal.fema.gov,tdl.regportal.fema.gov,,FEMA Security - Certificate Error,https,,WebSEAL/10.0.8.0,,text/html,GET,172.65.166.143,/,,,,,,234.499969ms,,null,"[""172.65.166.143""]","[""2606:4700:90:0:8df2:595:d4c6:9cf8""]",null,"[""HSTS""]",118,25,200,1389,false,false,false,true,false,false,,null,,,,"[""1.1.1.1:53"",""1.0.0.1:53""]",null,null
2025-11-29T12:07:40.797327567Z,null,null,aws,cloud,,443,https://uat-hazards.msc.fema.gov,uat-hazards.msc.fema.gov,,FEMA: Multihazard Information Platform,https,,WebSEAL/10.0.5.0,,text/html,GET,18.254.12.163,/,,,,,,59.092623ms,,null,"[""18.252.60.20"",""18.254.12.163""]",null,null,"[""Amazon ALB"",""Amazon Web Services"",""HSTS""]",34,14,200,421,false,false,false,false,false,false,,null,,,,"[""1.0.0.1:53"",""1.1.1.1:53""]",null,null
2025-11-29T12:07:40.8012592Z,null,null,cloudflare,waf,,443,https://tdl.isource.fema.gov,tdl.isource.fema.gov,,404 Not Found,https,,cloudflare,,text/html,GET,104.18.42.163,/,,,,,,382.402221ms,,null,"[""172.64.145.93"",""104.18.42.163""]","[""2a06:98c1:3105::6812:2aa3"",""2606:4700:4408::ac40:915d""]",null,"[""Cloudflare"",""Cloudflare Bot Management"",""HSTS""]",18,7,404,198,false,false,false,true,false,false,,null,,,,"[""8.8.4.4:53"",""127.0.0.53:53""]",null,null
2025-11-29T12:07:40.803577492Z,null,null,cloudflare,waf,,443,https://tdl.piv.fema.gov,tdl.piv.fema.gov,,Certification authentication failed,https,,,,text/html,GET,172.65.47.203,/,,,,,,269.989404ms,,null,"[""172.65.47.203""]","[""2606:4700:60:0:977b:bc1b:1da1:94d3""]",null,"[""HSTS""]",50,16,200,505,false,false,false,true,false,false,,null,,,,"[""127.0.0.53:53""]",null,null
2025-11-29T12:07:40.810044463Z,null,null,aws,cloud,,443,https://uat-filetrail.msc.fema.gov,uat-filetrail.msc.fema.gov,https://uat-filetrail.msc.fema.gov:443/FileTrail/,301 Moved Permanently,https,,awselb/2.0,,text/html,GET,18.252.60.20,/,,,,,,95.272157ms,,null,"[""18.252.60.20"",""18.254.12.163""]",null,null,"[""Amazon ELB"",""Amazon Web Services""]",5,6,301,134,false,false,false,false,false,false,,null,,,,"[""8.8.4.4:53"",""127.0.0.53:53""]",null,null
2025-11-29T12:07:40.814991357Z,null,null,cloudflare,waf,,443,https://tdl.integration.fema.gov,tdl.integration.fema.gov,,Error 404--Not Found,https,,cloudflare,,text/html,GET,172.64.149.171,/,,,,,,404.948841ms,,null,"[""104.18.38.85"",""172.64.149.171""]","[""2a06:98c1:3105::6812:2655"",""2606:4700:4409::ac40:95ab""]",null,"[""Cloudflare"",""Cloudflare Bot Management"",""HSTS""]",115,19,404,1164,false,false,false,true,false,false,,null,,,,"[""127.0.0.53:53"",""8.8.4.4:53""]",null,null
2025-11-29T12:07:40.82625639Z,null,null,aws,cloud,,443,https://uat-msc.msc.fema.gov,uat-msc.msc.fema.gov,https://uat-msc.msc.fema.gov:443/portal/home,302 Found,https,,awselb/2.0,,text/html,GET,18.252.60.20,/,,,,,,62.022153ms,,null,"[""18.252.60.20"",""18.254.12.163""]",null,null,"[""Amazon ELB"",""Amazon Web Services""]",3,6,302,110,false,false,false,false,false,false,,null,,,,"[""127.0.0.53:53"",""1.1.1.1:53""]",null,null
2025-11-29T12:07:40.842193401Z,null,null,aws,cloud,,443,https://uat-hazus-support.msc.fema.gov,uat-hazus-support.msc.fema.gov,,,https,,awselb/2.0,,text/html,GET,18.252.60.20,/,,,,,,100.632627ms,,null,"[""18.252.60.20"",""18.254.12.163""]",null,null,"[""Amazon ELB"",""Amazon Web Services""]",41,1,404,981,false,false,false,false,false,false,,null,,,,"[""8.8.8.8:53"",""8.8.4.4:53""]",null,null
2025-11-29T12:07:40.862361129Z,null,null,cloudflare,waf,,443,https://staging-fact.fema.gov,staging-fact.fema.gov,,503 Service Temporarily Unavailable,https,,cloudflare,,text/html,GET,172.65.90.24,/,,,,,,546.49631ms,,null,"[""172.65.90.27"",""172.65.90.24"",""172.65.90.26"",""172.65.90.25""]","[""2606:4700:78::90:0:180"",""2606:4700:78::90:0:183"",""2606:4700:78::90:0:181"",""2606:4700:78::90:0:182""]",null,"[""Cloudflare"",""Cloudflare Bot Management""]",7,6,503,162,false,false,false,true,false,false,,null,,,,"[""127.0.0.53:53""]",null,null
2025-11-29T12:07:40.871753806Z,null,null,aws,cloud,,443,https://uat-p4.msc.fema.gov,uat-p4.msc.fema.gov,https://uat-p4.msc.fema.gov:443/p4/,301 Moved Permanently,https,,awselb/2.0,,text/html,GET,18.254.12.163,/,,,,,,91.345676ms,,null,"[""18.252.60.20"",""18.254.12.163""]",null,null,"[""Amazon ELB"",""Amazon Web Services""]",5,6,301,134,false,false,false,false,false,false,,null,,,,"[""1.0.0.1:53"",""8.8.4.4:53""]",null,null
2025-11-29T12:07:40.891881135Z,null,null,google,cdn,,443,https://ucort-pivot-beta-west.fema.gov,ucort-pivot-beta-west.fema.gov,,403 Forbidden,https,,nginx/1.29.0,,text/html,GET,35.244.188.250,/,,,,,,93.086244ms,,null,"[""35.244.188.250""]",null,null,"[""Google Cloud"",""Google Cloud CDN"",""HTTP/3"",""Nginx:1.29.0""]",3,7,403,153,false,false,false,true,false,false,,null,,,,"[""1.1.1.1:53"",""127.0.0.53:53""]",null,null
2025-11-29T12:07:40.895449549Z,null,null,,,,443,https://training.lpms.fema.gov,training.lpms.fema.gov,https://training.lpms.fema.gov/maximo,302 Found,https,,,,text/html,GET,144.69.65.67,/,,,,,,247.550814ms,,null,"[""144.69.65.67""]",null,null,"[""HSTS""]",17,9,302,303,false,false,false,false,false,false,,null,,,,"[""8.8.8.8:53"",""8.8.4.4:53""]",null,null
2025-11-29T12:07:40.896743794Z,null,null,aws,cloud,,443,https://uat-tools.msc.fema.gov,uat-tools.msc.fema.gov,,FEMA: Mapping Information Platform: Content Unavailable,https,,Microsoft-IIS/10.0,,text/html,GET,18.254.12.163,/,,,,,,74.012489ms,,null,"[""18.254.12.163"",""18.252.60.20""]",null,null,"[""IIS:10.0"",""Windows Server""]",699,134,200,3679,false,false,false,false,false,false,,null,,,,"[""127.0.0.53:53"",""1.0.0.1:53""]",null,null
2025-11-29T12:07:40.912019924Z,null,null,cloudflare,waf,,443,https://sb-static.mec.fema.gov,sb-static.mec.fema.gov,,,https,,cloudflare,,text/html,GET,104.18.36.63,/,,,,,,612.362129ms,,null,"[""104.18.36.63"",""172.64.151.193""]","[""2606:4700:4407::ac40:97c1"",""2606:4700:440d::6812:243f""]",null,"[""Cloudflare"",""Cloudflare Bot Management"",""HSTS""]",1,1,200,6,false,false,false,true,false,false,,null,,,,"[""127.0.0.53:53"",""1.0.0.1:53""]",null,null
2025-11-29T12:07:40.916816634Z,null,null,aws,cloud,,443,https://tdl.lscms.fema.gov,tdl.lscms.fema.gov,,Logistics Supply Chain Management System,https,,nginx,,text/html,GET,18.252.137.177,/,,,,,,300.581295ms,,null,"[""18.252.81.84"",""18.252.137.177""]",null,null,"[""HSTS"",""Nginx""]",846,178,200,8198,false,false,false,false,false,false,,null,,,,"[""127.0.0.53:53"",""1.0.0.1:53""]",null,null
2025-11-29T12:07:40.935427984Z,null,null,,,,443,https://usfa.fema.gov,usfa.fema.gov,https://www.usfa.fema.gov/,,https,,AkamaiGHost,,,GET,23.10.213.253,/,,,,,,122.413933ms,,null,"[""23.10.213.253""]","[""2600:1407:1800:598::1955"",""2600:1407:1800:5a3::1955""]","[""www.usfa.fema.gov.edgekey.net"",""e6485.dsca.akamaiedge.net""]","[""HSTS""]",0,0,301,0,false,false,false,false,false,false,,null,,,,"[""1.0.0.1:53"",""127.0.0.53:53""]",null,null
2025-11-29T12:07:40.937201476Z,null,null,aws,cloud,,443,https://tdl.lscms-ca.fema.gov,tdl.lscms-ca.fema.gov,,,https,,nginx,,text/html,GET,18.252.81.84,/,,,,,,455.703811ms,,null,"[""18.252.81.84"",""18.252.137.177""]",null,null,"[""HSTS"",""Nginx""]",346,25,200,4718,false,false,false,false,false,false,,null,,,,"[""1.1.1.1:53"",""1.0.0.1:53""]",null,null
2025-11-29T12:07:40.942044784Z,null,null,aws,cloud,,443,https://tdl.lscms-mif.fema.gov,tdl.lscms-mif.fema.gov,,,https,,,,text/html,GET,18.254.29.190,/,,,,,,459.289039ms,,null,"[""18.252.252.138"",""18.254.29.190""]",null,null,"[""HSTS""]",3,1,200,82,false,false,false,false,false,false,,null,,,,"[""1.1.1.1:53"",""8.8.8.8:53""]",null,null
2025-11-29T12:07:40.956665781Z,null,null,cloudflare,waf,,443,https://tdl.integration.aws.fema.gov,tdl.integration.aws.fema.gov,,HTTP Status 404 – Not Found,https,,cloudflare,,text/html,GET,172.65.90.26,/,,,,,,544.82456ms,,null,"[""172.65.90.27"",""172.65.90.26"",""172.65.90.24"",""172.65.90.25""]","[""2606:4700:78::90:0:183"",""2606:4700:78::90:0:181"",""2606:4700:78::90:0:182"",""2606:4700:78::90:0:180""]",null,"[""Cloudflare""]",68,1,404,749,false,false,false,true,false,false,,null,,,,"[""8.8.8.8:53"",""8.8.4.4:53""]",null,null
2025-11-29T12:07:40.963142633Z,null,null,cloudflare,waf,,443,https://tdl.visit.fema.gov,tdl.visit.fema.gov,,,https,,cloudflare,,text/plain,GET,104.18.36.47,/,,,,,,403.617821ms,,null,"[""104.18.36.47"",""172.64.151.209""]","[""2a06:98c1:3106::ac40:97d1"",""2606:4700:4400::6812:242f""]",null,"[""Cloudflare""]",3,1,520,15,false,false,false,true,false,false,,null,,,,"[""8.8.4.4:53"",""8.8.8.8:53""]",null,null
2025-11-29T12:07:40.963895Z,null,null,google,cdn,,443,https://ucort-pivot-west.fema.gov,ucort-pivot-west.fema.gov,,403 Forbidden,https,,nginx/1.29.0,,text/html,GET,35.244.188.250,/,,,,,,128.759199ms,,null,"[""35.244.188.250""]",null,null,"[""Google Cloud"",""Google Cloud CDN"",""HTTP/3"",""Nginx:1.29.0""]",69,13,403,555,false,false,false,true,false,false,,null,,,,"[""8.8.4.4:53"",""1.0.0.1:53""]",null,null
2025-11-29T12:07:40.966881434Z,null,null,cloudflare,waf,,443,https://tdl.nfirs.fema.gov,tdl.nfirs.fema.gov,https://tdl.nfirs.fema.gov/NFIRSWeb/login,301 Moved Permanently,https,,cloudflare,,text/html,GET,172.64.146.13,/,,,,,,434.866319ms,,null,"[""172.64.146.13"",""104.18.41.243""]","[""2a06:98c1:3109::6812:29f3"",""2a06:98c1:3105::ac40:920d""]",null,"[""Cloudflare"",""Cloudflare Bot Management"",""HSTS""]",14,7,301,249,false,false,false,true,false,false,,null,,,,"[""8.8.4.4:53"",""8.8.8.8:53""]",null,null
2025-11-29T12:07:40.977384448Z,null,null,cloudflare,waf,,443,https://survey.sbx.mec.fema.gov,survey.sbx.mec.fema.gov,,,https,,cloudflare,,text/html,GET,172.65.90.24,/,,,,,,664.400213ms,,null,"[""172.65.90.26"",""172.65.90.27"",""172.65.90.25"",""172.65.90.24""]","[""2606:4700:78::90:0:183"",""2606:4700:78::90:0:182"",""2606:4700:78::90:0:180"",""2606:4700:78::90:0:181""]",null,"[""Cloudflare"",""Cloudflare Bot Management"",""HSTS""]",612,115,200,3254,false,false,false,true,false,false,,null,,,,"[""8.8.4.4:53"",""1.1.1.1:53""]",null,null
2025-11-29T12:07:40.988597395Z,null,null,cloudflare,waf,,443,https://tdl.atp.aws.fema.gov,tdl.atp.aws.fema.gov,,IPAWS Alerting Authority ATP,https,,cloudflare,,text/html,GET,172.65.90.27,/,,,,,,617.407379ms,,null,"[""172.65.90.26"",""172.65.90.24"",""172.65.90.27"",""172.65.90.25""]","[""2606:4700:78::90:0:180"",""2606:4700:78::90:0:183"",""2606:4700:78::90:0:182"",""2606:4700:78::90:0:181""]",null,"[""Bootstrap:5.1.3"",""Cloudflare"",""Cloudflare Bot Management"",""jsDelivr""]",67,1,200,1243,false,false,false,true,false,false,,null,,,,"[""8.8.8.8:53""]",null,null
2025-11-29T12:07:40.990063705Z,null,null,cloudflare,waf,,443,https://survey.mec.fema.gov,survey.mec.fema.gov,,,https,,cloudflare,,text/html,GET,104.18.35.35,/,,,,,,669.333067ms,,null,"[""172.64.152.221"",""104.18.35.35""]","[""2a06:98c1:3101::ac40:98dd"",""2a06:98c1:3100::6812:2323""]",null,"[""Cloudflare"",""Cloudflare Bot Management"",""HSTS""]",612,115,200,3254,false,false,false,true,false,false,,null,,,,"[""8.8.4.4:53"",""1.0.0.1:53""]",null,null
2025-11-29T12:07:41.003563879Z,null,null,aws,cloud,,443,https://tdl.lscms-disc.fema.gov,tdl.lscms-disc.fema.gov,,,https,,nginx,,text/html,GET,18.252.81.84,/,,,,,,511.294995ms,,null,"[""18.252.137.177"",""18.252.81.84""]",null,null,"[""HSTS"",""Nginx""]",346,25,200,4726,false,false,false,false,false,false,,null,,,,"[""8.8.4.4:53"",""1.1.1.1:53""]",null,null
2025-11-29T12:07:41.00515104Z,null,null,aws,cloud,,443,https://uat-rmd.msc.fema.gov,uat-rmd.msc.fema.gov,https://uat-rmd.msc.fema.gov/_layouts/15/Authenticate.aspx?Source=%2F,Object moved,https,,,,text/html,GET,18.252.60.20,/,,,,,,216.258287ms,,null,"[""18.254.12.163"",""18.252.60.20""]",null,null,"[""Microsoft ASP.NET"",""Microsoft SharePoint""]",6,3,302,186,false,false,false,false,false,false,,null,,,,"[""8.8.8.8:53""]",null,null
2025-11-29T12:07:41.044930716Z,null,null,aws,cloud,,443,https://www.floodmaps.fema.gov,www.floodmaps.fema.gov,https://floodmaps.fema.gov:443/,301 Moved Permanently,https,,,,text/html,GET,182.30.81.39,/,,,,,,129.784902ms,,null,"[""18.253.155.176"",""182.30.81.39""]",null,"[""floodmaps.fema.gov""]",null,5,6,301,134,false,false,false,false,false,false,,null,,,,"[""1.1.1.1:53"",""127.0.0.53:53""]",null,null
2025-11-29T12:07:41.04675052Z,null,null,cloudflare,waf,,443,https://rtlt.preptoolkit.fema.gov,rtlt.preptoolkit.fema.gov,/Public,Object moved,https,,cloudflare,,text/html,GET,172.65.90.26,/,,,,,,745.061979ms,,null,"[""172.65.90.25"",""172.65.90.26"",""172.65.90.24"",""172.65.90.27""]","[""2606:4700:78::90:0:181"",""2606:4700:78::90:0:182"",""2606:4700:78::90:0:183"",""2606:4700:78::90:0:180""]",null,"[""Cloudflare"",""Cloudflare Bot Management"",""HSTS"",""Microsoft ASP.NET:4.0.30319""]",6,3,302,124,false,false,false,true,false,false,,null,,,,"[""8.8.4.4:53"",""1.0.0.1:53""]",null,null
2025-11-29T12:07:41.046903178Z,null,null,cloudflare,waf,,443,https://services.nfipdirect.fema.gov,services.nfipdirect.fema.gov,,,https,,cloudflare,,text/plain,GET,172.65.90.27,/,,,,,,743.854581ms,,null,"[""172.65.90.24"",""172.65.90.27"",""172.65.90.26"",""172.65.90.25""]","[""2606:4700:78::90:0:183"",""2606:4700:78::90:0:182"",""2606:4700:78::90:0:180"",""2606:4700:78::90:0:181""]",null,"[""Cloudflare"",""Cloudflare Bot Management""]",0,0,404,0,false,false,false,true,false,false,,null,,,,"[""8.8.8.8:53"",""127.0.0.53:53""]",null,null
2025-11-29T12:07:41.017275828Z,null,null,cloudflare,waf,,443,https://training.fema.gov,training.fema.gov,,FEMA National Disaster & Emergency Management University (NDEMU),https,,cloudflare,,text/html,GET,172.65.90.27,/,,,,,,101.837931ms,,null,"[""172.65.90.27"",""172.65.90.24"",""172.65.90.25"",""172.65.90.26""]","[""2606:4700:78::90:0:181"",""2606:4700:78::90:0:182"",""2606:4700:78::90:0:183"",""2606:4700:78::90:0:180""]",null,"[""Cloudflare"",""Cloudflare Bot Management"",""Google Analytics"",""Google Tag Manager"",""HSTS"",""USWDS""]",9091,521,200,35465,false,false,false,true,false,false,,null,,,,"[""127.0.0.53:53"",""1.0.0.1:53""]",null,null
2025-11-29T12:07:41.048474309Z,null,null,,,,443,https://ucort-pivot.fema.gov,ucort-pivot.fema.gov,https://pivot.fema.gov/pivot/web-portal/#/login,,https,,nginx,,,GET,23.213.112.70,/,,,,,,243.198735ms,,null,"[""23.213.112.70""]","[""2600:1407:1800:5a9::34b3"",""2600:1407:1800:58d::34b3""]","[""pivot.fema.gov.edgekey.net"",""e13491.dscx.akamaiedge.net""]","[""HSTS"",""Nginx""]",0,0,307,0,false,false,false,false,false,false,,null,,,,"[""1.1.1.1:53"",""8.8.4.4:53""]",null,null
2025-11-29T12:07:41.048636024Z,null,null,cloudflare,waf,,443,https://ris.preptoolkit.fema.gov,ris.preptoolkit.fema.gov,https://auth.preptoolkit.fema.gov/realms/preptoolkit/protocol/openid-connect/auth?client_id=prod-ris&redirect_uri=https%3A%2F%2Fris.preptoolkit.fema.gov%2F&response_type=code&scope=openid%20profile&code_challenge=SEYDWFzVvnw5cWpiR0vVuT2WUb7uH50Rjy1Yu0F_2QM&code_challenge_method=S256&state=OpenIdConnect.AuthenticationProperties%3Dyerpo8kXcPjWoUPVsd9C1yxGqLUjZIB2NqA0gwiXj1uQHBPfbrzLrrE1uNyNYoNff_r7O-_Ulk3XbujSF7SEHdRmm36SDdOPnKO8dWiVyMRB22uH4p-uwoeljyrLTR1vc6w1giXpiE7xI3At5j8bzDPfeZkBA12ZNfkzDE983KQMzWo37LqXHH2QmnTz5XIk8bCF_JcK4nO63JqTSxk3aeoGLC-QVhJNbPhb4F8wTOwTKqtT1P4gB04d08KD2FTCxEX__VCqzplWdGFkgGDTCn8f8eA79g8-obD9Pkl-XEo&response_mode=form_post&x-client-SKU=ID_NET461&x-client-ver=5.3.0.0,,https,,cloudflare,,,GET,172.65.90.27,/,,,,,,748.912672ms,,null,"[""172.65.90.24"",""172.65.90.27"",""172.65.90.26"",""172.65.90.25""]","[""2606:4700:78::90:0:181"",""2606:4700:78::90:0:182"",""2606:4700:78::90:0:183"",""2606:4700:78::90:0:180""]",null,"[""Cloudflare"",""Cloudflare Bot Management"",""HSTS"",""Microsoft ASP.NET:4.0.30319""]",0,0,302,0,false,false,false,true,false,false,,null,,,,"[""8.8.8.8:53"",""1.1.1.1:53""]",null,null
2025-11-29T12:07:41.051246003Z,null,null,,,,443,https://staging-go.fema.gov,staging-go.fema.gov,,Lapse in Federal Funding Impact on DHS Website Operations Notice,https,,,,text/html,GET,23.10.213.253,/,,,,,,714.045976ms,,null,"[""23.10.213.253""]","[""2600:1407:3c00:1586::1955"",""2600:1407:3c00:158a::1955""]","[""staging-go.fema.gov.edgekey.net"",""e6485.dsca.akamaiedge.net""]","[""HSTS""]",179,1,200,3331,false,false,false,false,false,false,,null,,,,"[""1.0.0.1:53"",""1.1.1.1:53""]",null,null
2025-11-29T12:07:41.057235454Z,null,null,,,,443,https://www.fema.gov,www.fema.gov,,Access Denied,https,,AkamaiGHost,,text/html,GET,23.10.213.253,/,,,,,,154.941928ms,,null,"[""23.10.213.253""]","[""2600:1407:1800:5a3::1955"",""2600:1407:1800:598::1955""]","[""www.fema.gov.edgekey.net"",""e6485.dsca.akamaiedge.net""]","[""HSTS""]",13,10,403,366,false,false,false,false,false,false,,null,,,,"[""127.0.0.53:53"",""8.8.4.4:53""]",null,null
2025-11-29T12:07:41.085307228Z,null,null,,,,443,https://www.homelandsecurity.gov,www.homelandsecurity.gov,https://www.dhs.gov/,,https,,AkamaiGHost,,,GET,23.10.213.253,/,,,,,,171.961556ms,,null,"[""23.10.213.253""]","[""2600:1407:1800:598::1955"",""2600:1407:1800:5a3::1955""]","[""www.dhs.gov.edgekey.net"",""e6485.dsca.akamaiedge.net""]","[""HSTS""]",0,0,301,0,false,false,false,false,false,false,,null,,,,"[""1.0.0.1:53"",""127.0.0.53:53""]",null,null
2025-11-29T12:07:41.087516498Z,null,null,,,,443,https://webteamtraining.fema.gov,webteamtraining.fema.gov,,Access Denied,https,,AkamaiGHost,,text/html,GET,104.100.47.225,/,,,,,,221.668026ms,,null,"[""104.100.47.225""]","[""2600:1407:e800:1381::2325"",""2600:1407:e800:1384::2325""]","[""webteamtraining.fema.gov.edgekey-staging.net"",""e8997.dsca.akamaiedge-staging.net""]","[""HSTS""]",13,10,403,372,false,false,false,false,false,false,,null,,,,"[""1.0.0.1:53"",""1.1.1.1:53""]",null,null
2025-11-29T12:07:41.107493083Z,null,null,,,,443,https://ucort-pivot-beta.fema.gov,ucort-pivot-beta.fema.gov,https://pivot-beta.fema.gov/pivot/web-portal/#/login,,https,,nginx,,,GET,23.213.112.70,/,,,,,,307.132229ms,,null,"[""23.213.112.70""]","[""2600:1407:1800:58d::34b3"",""2600:1407:1800:5a9::34b3""]","[""pivot.fema.gov.edgekey.net"",""e13491.dscx.akamaiedge.net""]","[""HSTS"",""Nginx""]",0,0,307,0,false,false,false,false,false,false,,null,,,,"[""8.8.8.8:53""]",null,null
2025-11-29T12:07:41.127740621Z,null,null,aws,cloud,,443,https://tdl.lscms-mda.fema.gov,tdl.lscms-mda.fema.gov,,,https,,nginx,,text/html,GET,18.252.137.177,/,,,,,,629.708039ms,,null,"[""18.252.81.84"",""18.252.137.177""]",null,null,"[""HSTS"",""Nginx""]",346,25,200,4726,false,false,false,false,false,false,,null,,,,"[""127.0.0.53:53"",""1.0.0.1:53""]",null,null
2025-11-29T12:07:41.128835149Z,null,null,,,,443,https://vsr.fema.gov,vsr.fema.gov,https://g.zpa-auth.net:443/IevTunx4Bg/doauth?origurl=https%3A%2F%2Fvsr%2Efema%2Egov%3A443%2F,,https,,ZBA/1.0,,text/html,GET,170.85.49.48,/,,,,,,284.957663ms,,null,"[""170.85.49.49"",""170.85.49.48""]","[""2605:4300:2c12:1:8457:671c:d135:1343"",""2605:4300:2c12:0:88e2:60b3:5ef5:51c7""]","[""3325.72057954815180800.h.g.zpa-app.net"",""exporter.zpagov.net"",""exporter.gslb.zpagov.net"",""was3.exporter.gslb.zpagov.net"",""exporter-lb-be09eb149ec1c51f.elb.us-gov-east-1.amazonaws.com""]","[""HSTS""]",0,0,303,0,false,false,false,false,false,false,,null,,,,"[""8.8.8.8:53"",""127.0.0.53:53""]",null,null
2025-11-29T12:07:41.142395947Z,null,null,aws,cloud,,443,https://uat-mapview.msc.fema.gov,uat-mapview.msc.fema.gov,,FIRMette Web,https,,,,text/html,GET,18.254.12.163,/,,,,,,130.343404ms,,null,"[""18.252.60.20"",""18.254.12.163""]",null,null,"[""Google Analytics"",""Google Tag Manager"",""HSTS""]",1996,45,200,49216,false,false,false,false,false,false,,null,,,,"[""1.0.0.1:53"",""8.8.8.8:53""]",null,null
2025-11-29T12:07:41.144316331Z,null,null,aws,cloud,,443,https://tdl.lscms-wm.fema.gov,tdl.lscms-wm.fema.gov,,,https,,nginx,,text/html,GET,18.252.137.177,/,,,,,,603.891303ms,,null,"[""18.252.81.84"",""18.252.137.177""]",null,null,"[""HSTS"",""Nginx""]",346,25,200,4718,false,false,false,false,false,false,,null,,,,"[""8.8.8.8:53""]",null,null
2025-11-29T12:07:41.165163043Z,null,null,,,,443,https://workplace.fema.gov,workplace.fema.gov,/logon/LogonPoint/tmindex.html,,https,,,,text/html,GET,47.190.182.210,/,,,,,,272.574083ms,,null,"[""47.190.182.210""]",null,null,null,20,1,302,413,false,false,false,false,false,false,,null,,,,"[""8.8.4.4:53"",""8.8.8.8:53""]",null,null
2025-11-29T12:07:41.151927912Z,null,null,,,,443,https://gis.fema.gov,gis.fema.gov,,Home | gis.fema.gov,https,,Apache/2.4.37 (Red Hat Enterprise Linux) OpenSSL/1.1.1k,,text/html,GET,23.10.207.88,/,,,,,,165.539834ms,,null,"[""23.10.207.88""]","[""2600:1407:1800:591::12b4"",""2600:1407:1800:58d::12b4""]","[""gis.fema.gov.edgekey.net"",""e4788.dsca.akamaiedge.net""]","[""Akamai"",""Amazon ALB"",""Amazon Web Services"",""Apache HTTP Server:2.4.37"",""Chosen"",""DataTables"",""Drupal:11"",""Google Analytics"",""Google Tag Manager"",""HSTS"",""OpenSSL:1.1.1k"",""PHP"",""Red Hat"",""Slick"",""USWDS"",""WordPress Block Editor"",""jQuery"",""jQuery UI"",""jsDelivr""]",36126,2823,200,133731,false,false,false,false,false,false,,null,,,,"[""127.0.0.53:53"",""8.8.8.8:53""]",null,null
2025-11-29T12:07:41.201246579Z,null,null,aws,cloud,,443,https://www.ipaws.community.fema.gov,www.ipaws.community.fema.gov,https://www.ipaws.community.fema.gov/s/,,https,,,,,GET,18.252.199.17,/,,,,,,265.654279ms,,null,"[""18.252.199.17"",""18.253.117.20"",""18.253.252.111""]",null,"[""www.ipaws.community.fema.gov.00dt00000008abgeaa.live.siteforce.com"",""usa9002.inst.sfdc-pu91w7.siteforce.com""]","[""HSTS""]",0,0,301,0,false,false,false,false,false,false,,null,,,,"[""1.0.0.1:53"",""8.8.8.8:53""]",null,null
2025-11-29T12:07:41.21688038Z,null,null,aws,cloud,,443,https://uat-floodmaps.msc.fema.gov,uat-floodmaps.msc.fema.gov,,FEMA Floodmaps | FEMA.gov,https,,,,text/html,GET,18.254.12.163,/,,,,,,114.368771ms,,null,"[""18.252.60.20"",""18.254.12.163""]",null,null,"[""Google Analytics"",""Google Tag Manager"",""Microsoft ASP.NET""]",2837,291,200,32000,false,false,false,false,false,false,,null,,,,"[""1.1.1.1:53"",""8.8.4.4:53""]",null,null
2025-11-29T12:07:41.227096707Z,null,null,cloudflare,waf,,443,https://www.nfirs.fema.gov,www.nfirs.fema.gov,https://nfirs.fema.gov/NFIRSWeb/login,301 Moved Permanently,https,,cloudflare,,text/html,GET,172.64.149.55,/,,,,,,287.868167ms,,null,"[""172.64.149.55"",""104.18.38.201""]","[""2a06:98c1:3106::ac40:9537"",""2606:4700:4404::6812:26c9""]",null,"[""Cloudflare"",""Cloudflare Bot Management"",""HSTS""]",14,7,301,245,false,false,false,true,false,false,,null,,,,"[""8.8.8.8:53"",""1.0.0.1:53""]",null,null
2025-11-29T12:07:41.302117674Z,null,null,cloudflare,waf,,443,https://train-fact.fema.gov,train-fact.fema.gov,,503 Service Temporarily Unavailable,https,,cloudflare,,text/html,GET,172.65.90.26,/,,,,,,683.752559ms,,null,"[""172.65.90.25"",""172.65.90.24"",""172.65.90.27"",""172.65.90.26""]","[""2606:4700:78::90:0:180"",""2606:4700:78::90:0:183"",""2606:4700:78::90:0:181"",""2606:4700:78::90:0:182""]",null,"[""Cloudflare"",""Cloudflare Bot Management""]",7,6,503,162,false,false,false,true,false,false,,null,,,,"[""8.8.4.4:53"",""127.0.0.53:53""]",null,null
2025-11-29T12:07:41.373989364Z,null,null,cloudflare,waf,,443,https://visit.fema.gov,visit.fema.gov,http://visit.fema.gov/registration/,Document Moved,https,,cloudflare,,text/html,GET,172.65.180.93,/,,,,,,542.091651ms,,null,"[""172.65.180.93""]","[""2606:4700:90:0:ed60:9ee0:161e:5af4""]",null,"[""Cloudflare"",""Cloudflare Bot Management"",""HSTS"",""Microsoft ASP.NET""]",9,2,301,158,false,false,false,true,false,false,,null,,,,"[""1.1.1.1:53"",""127.0.0.53:53""]",null,null
2025-11-29T12:07:41.567964557Z,null,null,,,,443,https://www.usfa.fema.gov,www.usfa.fema.gov,,U.S. Fire Administration,https,,AkamaiNetStorage,,text/html,GET,23.10.213.253,/,,,,,,292.587761ms,,null,"[""23.10.213.253""]","[""2600:1407:1800:5a3::1955"",""2600:1407:1800:598::1955""]","[""www.usfa.fema.gov.edgekey.net"",""e6485.dsca.akamaiedge.net""]","[""Font Awesome"",""Google Analytics"",""HSTS""]",3123,1,200,50182,false,false,false,false,false,false,,null,,,,"[""8.8.8.8:53"",""127.0.0.53:53""]",null,null
2025-11-29T12:07:41.88703031Z,null,null,,,,443,https://www.dhs.gov,www.dhs.gov,,Home | Homeland Security,https,,Apache,,text/html,GET,23.10.213.253,/,,,,,,168.425934ms,,null,"[""23.10.213.253""]","[""2600:1407:3c00:1586::1955"",""2600:1407:3c00:158a::1955""]","[""www.dhs.gov.edgekey.net"",""e6485.dsca.akamaiedge.net""]","[""Akamai"",""Apache HTTP Server"",""Drupal:11"",""Google Tag Manager"",""HSTS"",""PHP"",""Siteimprove"",""Slick"",""USWDS"",""WOW"",""jQuery"",""jQuery UI"",""jsDelivr""]",32162,2279,200,106220,false,false,false,false,false,false,,null,,,,"[""8.8.4.4:53"",""1.1.1.1:53""]",null,null
2025-11-29T12:07:42.098525219Z,null,null,cloudflare,waf,,443,https://preptoolkit.fema.gov,preptoolkit.fema.gov,,Welcome - Preparedness Toolkit,https,,cloudflare,,text/html,GET,172.65.90.24,/,,,,,,1.110382811s,,null,"[""172.65.90.24"",""172.65.90.27"",""172.65.90.26"",""172.65.90.25""]","[""2606:4700:78::90:0:181"",""2606:4700:78::90:0:182"",""2606:4700:78::90:0:180"",""2606:4700:78::90:0:183""]",null,"[""Cloudflare"",""Cloudflare Bot Management"",""Google Analytics"",""HSTS"",""Java""]",10718,11071,200,158507,false,false,false,true,false,false,,null,,,,"[""8.8.4.4:53"",""1.0.0.1:53""]",null,null
2025-11-29T12:07:42.703200804Z,null,null,cloudflare,waf,,443,https://www.preptoolkit.fema.gov,www.preptoolkit.fema.gov,,Welcome - Preparedness Toolkit,https,,cloudflare,,text/html,GET,172.65.90.24,/,,,,,,1.209140927s,,null,"[""172.65.90.26"",""172.65.90.24"",""172.65.90.27"",""172.65.90.25""]","[""2606:4700:78::90:0:182"",""2606:4700:78::90:0:181"",""2606:4700:78::90:0:180"",""2606:4700:78::90:0:183""]",null,"[""Cloudflare"",""Cloudflare Bot Management"",""Google Analytics"",""HSTS"",""Java""]",10718,11071,200,158486,false,false,false,true,false,false,,null,,,,"[""8.8.4.4:53"",""1.0.0.1:53""]",null,null
2025-11-29T12:07:48.811344604Z,null,null,,,,443,https://testint.fema.gov,testint.fema.gov,,Access Denied,https,,AkamaiGHost,,text/html,GET,104.100.40.20,/,,,,,,8.226869062s,,null,"[""104.100.40.20""]","[""2600:1407:e800:1382::1b63"",""2600:1407:e800:1380::1b63""]","[""testint.fema.gov.edgekey-staging.net"",""e7011.dsca.akamaiedge-staging.net""]","[""HSTS""]",13,10,403,366,false,false,false,false,false,false,,null,,,,"[""1.0.0.1:53"",""127.0.0.53:53""]",null,null
2025-11-29T12:07:49.399168765Z,null,null,,,,443,https://staging.fema.gov,staging.fema.gov,,Access Denied,https,,AkamaiGHost,,text/html,GET,23.8.23.194,/,,,,,,9.09605874s,,null,"[""23.8.23.194""]","[""2600:1407:e800:1380::1b63"",""2600:1407:e800:1382::1b63""]","[""staging.fema.gov.edgekey-staging.net"",""e7011.dsca.akamaiedge-staging.net""]","[""HSTS""]",13,10,403,368,false,false,false,false,false,false,,null,,,,"[""1.0.0.1:53"",""1.1.1.1:53""]",null,null
2025-11-29T12:07:50.392567327Z,null,null,cloudflare,waf,,80,http://tdl.gis.fema.gov,tdl.gis.fema.gov,https://tdl.gis.fema.gov/,,http,,cloudflare,,,GET,172.65.90.27,/,,,,,,16.263071ms,,null,"[""172.65.90.26"",""172.65.90.24"",""172.65.90.25"",""172.65.90.27""]","[""2606:4700:78::90:0:182"",""2606:4700:78::90:0:180"",""2606:4700:78::90:0:181"",""2606:4700:78::90:0:183""]",null,"[""Cloudflare"",""Cloudflare Bot Management""]",0,0,301,0,false,false,false,true,false,false,,null,,,,"[""8.8.8.8:53""]",null,null
