timestamp,link_request,extract_regex,cdn_name,cdn_type,sni,port,url,input,location,title,scheme,error,webserver,body_preview,content_type,method,host,host_ip,path,favicon,favicon_md5,favicon_path,favicon_url,final_url,time,jarm_hash,chain_status_codes,a,aaaa,cname,tech,words,lines,status_code,content_length,failed,vhost,websocket,cdn,http2,pipeline,headless_body,screenshot_bytes,stored_response_path,screenshot_path,screenshot_path_rel,resolvers,body_fqdn,body_domains,cpe,wordpress.Plugins,wordpress.Themes
2026-02-17T12:51:31.406131222Z,null,null,cloudfront,cdn,,443,https://preprod.wh.health.gov,preprod.wh.health.gov,,ERROR: The request could not be satisfied,https,,CloudFront,,text/html,GET,preprod.wh.health.gov,108.156.91.59,/,,,,,,248.082707ms,,null,"[""108.156.91.59"",""108.156.91.19"",""108.156.91.20"",""108.156.91.27""]",null,"[""d2kjj75hjvbjf7.cloudfront.net""]","[""Amazon CloudFront"",""Amazon Web Services""]",91,20,403,919,false,false,false,true,false,false,,null,,,,"[""127.0.0.53:53"",""8.8.4.4:53""]",null,null,null,,
2026-02-17T12:51:31.457743547Z,null,null,cloudfront,cdn,,443,https://odphp.health.gov,odphp.health.gov,,Home of the Office of Disease Prevention and Health Promotion - odphp.health.gov,https,,Apache/2.4.62 (Red Hat Enterprise Linux) OpenSSL/3.5.1,,text/html,GET,odphp.health.gov,52.85.12.126,/,,,,,,75.159363ms,,null,"[""52.85.12.43"",""52.85.12.28"",""52.85.12.126"",""52.85.12.80""]",null,"[""d2kba6dffrld74.cloudfront.net""]","[""Amazon CloudFront"",""Amazon Web Services"",""Apache HTTP Server:2.4.62"",""Drupal"",""Google Tag Manager"",""HSTS"",""OpenSSL:3.5.1"",""PHP"",""Red Hat"",""jQuery""]",5483,705,200,35791,false,false,false,true,false,false,,null,,,,"[""1.1.1.1:53"",""8.8.8.8:53""]",null,null,null,,
2026-02-17T12:51:31.554310053Z,null,null,,,,443,https://origin.preprod.ori.health.gov,origin.preprod.ori.health.gov,,,https,,Apache/2.4.62 (Red Hat Enterprise Linux) OpenSSL/3.5.1,,text/plain,GET,origin.preprod.ori.health.gov,158.74.58.117,/,,,,,,399.305521ms,,null,"[""158.74.58.117""]",null,null,"[""Apache HTTP Server:2.4.62"",""OpenSSL:3.5.1"",""PHP:8.4.17"",""Red Hat""]",10,1,400,52,false,false,false,false,false,false,,null,,,,"[""1.0.0.1:53"",""1.1.1.1:53""]",null,null,null,,
2026-02-17T12:51:31.560437223Z,null,null,cloudfront,cdn,,443,https://preprod.ori.health.gov,preprod.ori.health.gov,,ERROR: The request could not be satisfied,https,,CloudFront,,text/html,GET,preprod.ori.health.gov,3.162.174.110,/,,,,,,398.905742ms,,null,"[""3.162.174.88"",""3.162.174.110"",""3.162.174.106"",""3.162.174.29""]",null,"[""dk39bacon43dz.cloudfront.net""]","[""Amazon CloudFront"",""Amazon Web Services""]",91,20,403,919,false,false,false,true,false,false,,null,,,,"[""1.0.0.1:53"",""8.8.4.4:53""]",null,null,null,,
2026-02-17T12:51:31.580611325Z,null,null,cloudfront,cdn,,443,https://www.health.gov,www.health.gov,https://health.gov/,301 Moved Permanently,https,,Apache,,text/html,GET,www.health.gov,18.154.227.55,/,,,,,,425.29323ms,,null,"[""18.154.227.31"",""18.154.227.32"",""18.154.227.55"",""18.154.227.123""]",null,"[""health.gov""]","[""Amazon CloudFront"",""Amazon Web Services"",""Apache HTTP Server"",""HSTS""]",14,7,301,227,false,false,false,true,false,false,,null,,,,"[""127.0.0.53:53"",""8.8.4.4:53""]",null,null,null,,
2026-02-17T12:51:31.583121836Z,null,null,cloudfront,cdn,,443,https://preprod.gh.health.gov,preprod.gh.health.gov,,ERROR: The request could not be satisfied,https,,CloudFront,,text/html,GET,preprod.gh.health.gov,3.171.22.72,/,,,,,,421.329985ms,,null,"[""3.171.22.32"",""3.171.22.72"",""3.171.22.26"",""3.171.22.79""]",null,"[""d222taek02dshb.cloudfront.net""]","[""Amazon CloudFront"",""Amazon Web Services""]",91,20,403,919,false,false,false,true,false,false,,null,,,,"[""1.0.0.1:53"",""127.0.0.53:53""]",null,null,null,,
2026-02-17T12:51:31.59871862Z,null,null,,,,443,https://origin.ori.health.gov,origin.ori.health.gov,,502 Bad Gateway,https,,awselb/2.0,,text/html,GET,origin.ori.health.gov,158.74.58.119,/,,,,,,443.669223ms,,null,"[""158.74.58.119"",""158.74.58.118""]",null,null,"[""Amazon ELB"",""Amazon Web Services""]",5,6,502,122,false,false,false,false,false,false,,null,,,,"[""1.1.1.1:53"",""8.8.4.4:53""]",null,null,null,,
2026-02-17T12:51:31.734598565Z,null,null,cloudfront,cdn,,443,https://new.ori.health.gov,new.ori.health.gov,,502 Bad Gateway,https,,awselb/2.0,,text/html,GET,new.ori.health.gov,54.192.55.119,/,,,,,,577.434506ms,,null,"[""54.192.55.25"",""54.192.55.94"",""54.192.55.119"",""54.192.55.103""]",null,"[""d3q4635pgoa1rd.cloudfront.net""]","[""Amazon CloudFront"",""Amazon ELB"",""Amazon Web Services""]",5,6,502,122,false,false,false,true,false,false,,null,,,,"[""1.1.1.1:53"",""8.8.8.8:53""]",null,null,null,,
2026-02-17T12:51:31.929846944Z,null,null,,,,443,https://origin.preprod.gh.health.gov,origin.preprod.gh.health.gov,,Homepage | girlshealth.gov,https,,Apache/2.4.62 (Red Hat Enterprise Linux) OpenSSL/3.5.1,,text/html,GET,origin.preprod.gh.health.gov,158.74.58.111,/,,,,,,514.200279ms,,null,"[""158.74.58.111""]",null,null,"[""Apache HTTP Server:2.4.62"",""Drupal:10"",""Google Tag Manager"",""HSTS"",""Modernizr"",""OpenSSL:3.5.1"",""PHP:8.3.30"",""Pinterest"",""Red Hat"",""jQuery""]",10600,781,200,44518,false,false,false,false,false,false,,null,,,,"[""8.8.4.4:53"",""1.1.1.1:53""]",null,null,null,,
2026-02-17T12:51:31.924284906Z,null,null,cloudfront,cdn,,443,https://health.gov,health.gov,,Office of the Assistant Secretary for Health | Health.gov,https,,Apache,,text/html,GET,health.gov,18.154.227.31,/,,,,,,314.296677ms,,null,"[""18.154.227.31"",""18.154.227.55"",""18.154.227.123"",""18.154.227.32""]",null,null,"[""AOS:2.3.4"",""Amazon CloudFront"",""Amazon Web Services"",""Apache HTTP Server"",""Drupal:10"",""Font Awesome"",""Google Tag Manager"",""HSTS"",""PHP:8.3.30"",""Unpkg""]",17811,1461,200,77774,false,false,false,true,false,false,,null,,,,"[""1.1.1.1:53"",""127.0.0.53:53""]",null,null,null,,
